	Length	Diameter
0	0.455	0.365
1	0.35	0.265
2	0.53	0.42
3	0.44	0.365
4	0.33	0.255
5	0.425	0.3
6	0.53	0.415
7	0.545	0.425
8	0.475	0.37
9	0.55	0.44
10	0.525	0.38
11	0.43	0.35
12	0.49	0.38
13	0.535	0.405
14	0.47	0.355
15	0.5	0.4
16	0.355	0.28
17	0.44	0.34
18	0.365	0.295
19	0.45	0.32
20	0.355	0.28
21	0.38	0.275
22	0.565	0.44
23	0.55	0.415
24	0.615	0.48
25	0.56	0.44
26	0.58	0.45
27	0.59	0.445
28	0.605	0.475
29	0.575	0.425
30	0.58	0.47
31	0.68	0.56
32	0.665	0.525
33	0.68	0.55
34	0.705	0.55
35	0.465	0.355
36	0.54	0.475
37	0.45	0.355
38	0.575	0.445
39	0.355	0.29
40	0.45	0.335
41	0.55	0.425
42	0.24	0.175
43	0.205	0.15
44	0.21	0.15
45	0.39	0.295
46	0.47	0.37
47	0.46	0.375
48	0.325	0.245
49	0.525	0.425
50	0.52	0.41
51	0.4	0.32
52	0.485	0.36
53	0.47	0.36
54	0.405	0.31
55	0.5	0.4
56	0.445	0.35
57	0.47	0.385
58	0.245	0.19
59	0.505	0.4
60	0.45	0.345
61	0.505	0.405
62	0.53	0.41
63	0.425	0.325
64	0.52	0.4
65	0.475	0.355
66	0.565	0.44
67	0.595	0.495
68	0.475	0.39
69	0.31	0.235
70	0.555	0.425
71	0.4	0.32
72	0.595	0.475
73	0.57	0.48
74	0.605	0.45
75	0.6	0.475
76	0.595	0.475
77	0.6	0.47
78	0.555	0.425
79	0.615	0.475
80	0.575	0.445
81	0.62	0.51
82	0.52	0.425
83	0.595	0.475
84	0.58	0.45
85	0.57	0.465
86	0.625	0.465
87	0.56	0.44
88	0.46	0.355
89	0.575	0.45
90	0.565	0.425
91	0.555	0.44
92	0.595	0.465
93	0.625	0.495
94	0.695	0.56
95	0.665	0.535
96	0.535	0.435
97	0.47	0.375
98	0.47	0.37
99	0.475	0.375
100	0.36	0.265
101	0.55	0.435
102	0.53	0.435
103	0.53	0.415
104	0.605	0.47
105	0.52	0.41
106	0.545	0.43
107	0.5	0.4
108	0.51	0.39
109	0.435	0.395
110	0.495	0.395
111	0.465	0.36
112	0.435	0.32
113	0.425	0.35
114	0.545	0.41
115	0.53	0.415
116	0.49	0.375
117	0.44	0.34
118	0.56	0.43
119	0.405	0.305
120	0.47	0.365
121	0.385	0.295
122	0.515	0.425
123	0.37	0.265
124	0.36	0.28
125	0.27	0.195
126	0.375	0.275
127	0.385	0.29
128	0.7	0.535
129	0.71	0.54
130	0.595	0.48
131	0.44	0.35
132	0.325	0.26
133	0.35	0.26
134	0.265	0.2
135	0.425	0.33
136	0.305	0.23
137	0.345	0.255
138	0.405	0.325
139	0.375	0.285
140	0.565	0.445
141	0.55	0.45
142	0.65	0.52
143	0.56	0.455
144	0.475	0.375
145	0.49	0.38
146	0.46	0.35
147	0.28	0.205
148	0.175	0.13
149	0.17	0.13
150	0.59	0.475
151	0.605	0.5
152	0.635	0.515
153	0.605	0.485
154	0.565	0.45
155	0.515	0.405
156	0.575	0.46
157	0.645	0.485
158	0.58	0.455
159	0.575	0.46
160	0.605	0.465
161	0.605	0.485
162	0.61	0.485
163	0.725	0.56
164	0.65	0.545
165	0.725	0.57
166	0.725	0.575
167	0.68	0.57
168	0.705	0.56
169	0.68	0.515
170	0.695	0.55
171	0.53	0.395
172	0.525	0.435
173	0.52	0.405
174	0.235	0.16
175	0.36	0.26
176	0.315	0.21
177	0.315	0.245
178	0.225	0.16
179	0.58	0.475
180	0.57	0.48
181	0.64	0.51
182	0.56	0.45
183	0.62	0.475
184	0.645	0.51
185	0.62	0.49
186	0.63	0.48
187	0.63	0.5
188	0.63	0.48
189	0.585	0.46
190	0.615	0.48
191	0.61	0.485
192	0.58	0.45
193	0.355	0.275
194	0.51	0.4
195	0.5	0.405
196	0.505	0.41
197	0.64	0.5
198	0.56	0.45
199	0.585	0.46
200	0.45	0.345
201	0.5	0.4
202	0.5	0.4
203	0.53	0.435
204	0.42	0.335
205	0.44	0.34
206	0.4	0.3
207	0.435	0.34
208	0.525	0.415
209	0.37	0.28
210	0.49	0.365
211	0.335	0.25
212	0.415	0.325
213	0.5	0.405
214	0.485	0.395
215	0.55	0.405
216	0.45	0.35
217	0.405	0.3
218	0.47	0.36
219	0.415	0.305
220	0.445	0.325
221	0.47	0.35
222	0.49	0.375
223	0.445	0.355
224	0.425	0.38
225	0.5	0.37
226	0.39	0.29
227	0.365	0.27
228	0.58	0.465
229	0.53	0.415
230	0.555	0.445
231	0.565	0.44
232	0.625	0.505
233	0.275	0.215
234	0.44	0.35
235	0.295	0.225
236	0.075	0.055
237	0.13	0.1
238	0.11	0.09
239	0.16	0.12
240	0.565	0.425
241	0.27	0.2
242	0.23	0.175
243	0.3	0.23
244	0.33	0.255
245	0.35	0.26
246	0.32	0.245
247	0.36	0.275
248	0.305	0.245
249	0.345	0.27
250	0.33	0.25
251	0.59	0.47
252	0.595	0.455
253	0.575	0.46
254	0.6	0.495
255	0.56	0.45
256	0.56	0.45
257	0.545	0.46
258	0.635	0.505
259	0.59	0.475
260	0.54	0.475
261	0.57	0.44
262	0.53	0.42
263	0.245	0.195
264	0.27	0.2
265	0.46	0.38
266	0.52	0.45
267	0.35	0.275
268	0.47	0.39
269	0.45	0.36
270	0.64	0.525
271	0.59	0.5
272	0.62	0.485
273	0.63	0.505
274	0.63	0.515
275	0.655	0.54
276	0.66	0.53
277	0.61	0.5
278	0.635	0.525
279	0.515	0.425
280	0.535	0.415
281	0.36	0.285
282	0.455	0.355
283	0.485	0.395
284	0.515	0.38
285	0.535	0.415
286	0.53	0.435
287	0.495	0.4
288	0.44	0.355
289	0.535	0.435
290	0.54	0.435
291	0.565	0.505
292	0.61	0.475
293	0.565	0.455
294	0.6	0.495
295	0.295	0.215
296	0.275	0.205
297	0.28	0.21
298	0.49	0.395
299	0.37	0.28
300	0.405	0.305
301	0.54	0.435
302	0.37	0.28
303	0.36	0.27
304	0.47	0.36
305	0.2	0.145
306	0.165	0.12
307	0.645	0.515
308	0.55	0.41
309	0.57	0.435
310	0.63	0.485
311	0.56	0.44
312	0.595	0.455
313	0.62	0.47
314	0.63	0.485
315	0.45	0.355
316	0.635	0.535
317	0.45	0.35
318	0.58	0.455
319	0.33	0.255
320	0.265	0.21
321	0.19	0.145
322	0.385	0.31
323	0.265	0.205
324	0.335	0.265
325	0.355	0.275
326	0.32	0.255
327	0.51	0.4
328	0.36	0.295
329	0.36	0.28
330	0.5	0.38
331	0.4	0.325
332	0.3	0.22
333	0.235	0.175
334	0.74	0.6
335	0.62	0.465
336	0.6	0.475
337	0.59	0.45
338	0.62	0.475
339	0.565	0.45
340	0.575	0.455
341	0.62	0.51
342	0.62	0.465
343	0.505	0.375
344	0.46	0.425
345	0.49	0.39
346	0.525	0.42
347	0.34	0.26
348	0.375	0.305
349	0.61	0.48
350	0.61	0.495
351	0.585	0.45
352	0.57	0.46
353	0.58	0.455
354	0.635	0.515
355	0.7	0.58
356	0.675	0.525
357	0.645	0.525
358	0.745	0.585
359	0.685	0.545
360	0.605	0.49
361	0.59	0.465
362	0.65	0.525
363	0.6	0.48
364	0.62	0.5
365	0.63	0.515
366	0.58	0.465
367	0.58	0.455
368	0.63	0.49
369	0.69	0.56
370	0.65	0.545
371	0.66	0.565
372	0.68	0.58
373	0.7	0.575
374	0.685	0.52
375	0.675	0.545
376	0.63	0.49
377	0.585	0.45
378	0.565	0.465
379	0.61	0.495
380	0.605	0.47
381	0.535	0.42
382	0.485	0.4
383	0.47	0.375
384	0.545	0.425
385	0.455	0.37
386	0.54	0.42
387	0.46	0.38
388	0.49	0.42
389	0.465	0.375
390	0.415	0.325
391	0.475	0.375
392	0.47	0.375
393	0.365	0.295
394	0.345	0.275
395	0.39	0.31
396	0.5	0.395
397	0.47	0.38
398	0.535	0.44
399	0.585	0.455
400	0.485	0.365
401	0.515	0.455
402	0.435	0.325
403	0.515	0.415
404	0.44	0.345
405	0.525	0.44
406	0.45	0.355
407	0.59	0.485
408	0.555	0.45
409	0.57	0.44
410	0.59	0.5
411	0.585	0.475
412	0.58	0.46
413	0.545	0.44
414	0.605	0.495
415	0.62	0.47
416	0.63	0.5
417	0.63	0.515
418	0.63	0.5
419	0.545	0.41
420	0.67	0.54
421	0.49	0.38
422	0.49	0.39
423	0.29	0.225
424	0.26	0.2
425	0.58	0.45
426	0.61	0.485
427	0.6	0.5
428	0.56	0.455
429	0.575	0.45
430	0.57	0.45
431	0.6	0.47
432	0.565	0.455
433	0.545	0.42
434	0.44	0.345
435	0.5	0.41
436	0.36	0.275
437	0.385	0.305
438	0.39	0.3
439	0.5	0.415
440	0.36	0.275
441	0.335	0.26
442	0.505	0.425
443	0.395	0.295
444	0.41	0.325
445	0.56	0.455
446	0.565	0.435
447	0.565	0.455
448	0.605	0.5
449	0.565	0.455
450	0.725	0.565
451	0.675	0.535
452	0.665	0.555
453	0.565	0.49
454	0.645	0.55
455	0.575	0.47
456	0.64	0.54
457	0.36	0.28
458	0.415	0.31
459	0.525	0.41
460	0.38	0.285
461	0.585	0.465
462	0.24	0.185
463	0.22	0.165
464	0.255	0.195
465	0.175	0.125
466	0.67	0.55
467	0.655	0.53
468	0.68	0.55
469	0.675	0.555
470	0.53	0.44
471	0.515	0.405
472	0.43	0.34
473	0.52	0.405
474	0.545	0.415
475	0.53	0.415
476	0.465	0.35
477	0.665	0.54
478	0.735	0.59
479	0.66	0.545
480	0.7	0.585
481	0.575	0.4
482	0.57	0.465
483	0.58	0.46
484	0.63	0.48
485	0.585	0.465
486	0.55	0.45
487	0.625	0.515
488	0.54	0.42
489	0.57	0.455
490	0.59	0.455
491	0.58	0.46
492	0.655	0.51
493	0.655	0.53
494	0.625	0.5
495	0.625	0.5
496	0.64	0.52
497	0.605	0.485
498	0.615	0.525
499	0.555	0.45
500	0.58	0.44
501	0.62	0.52
502	0.62	0.47
503	0.6	0.505
504	0.625	0.485
505	0.6	0.47
506	0.56	0.46
507	0.585	0.455
508	0.56	0.435
509	0.56	0.445
510	0.68	0.53
511	0.455	0.35
512	0.49	0.38
513	0.31	0.22
514	0.275	0.195
515	0.27	0.195
516	0.4	0.29
517	0.28	0.2
518	0.325	0.23
519	0.345	0.25
520	0.21	0.15
521	0.36	0.27
522	0.365	0.26
523	0.2	0.14
524	0.235	0.16
525	0.175	0.125
526	0.155	0.11
527	0.57	0.445
528	0.57	0.45
529	0.385	0.3
530	0.53	0.42
531	0.46	0.355
532	0.47	0.37
533	0.435	0.335
534	0.47	0.37
535	0.465	0.38
536	0.52	0.405
537	0.29	0.23
538	0.275	0.205
539	0.375	0.29
540	0.5	0.375
541	0.44	0.355
542	0.42	0.325
543	0.445	0.35
544	0.38	0.29
545	0.32	0.245
546	0.255	0.195
547	0.205	0.155
548	0.565	0.45
549	0.555	0.425
550	0.65	0.515
551	0.615	0.49
552	0.56	0.44
553	0.48	0.37
554	0.485	0.39
555	0.5	0.385
556	0.525	0.405
557	0.66	0.5
558	0.66	0.53
559	0.52	0.4
560	0.44	0.34
561	0.515	0.4
562	0.475	0.35
563	0.545	0.415
564	0.47	0.355
565	0.35	0.255
566	0.485	0.355
567	0.435	0.33
568	0.28	0.21
569	0.41	0.32
570	0.45	0.35
571	0.45	0.345
572	0.59	0.455
573	0.57	0.44
574	0.61	0.475
575	0.61	0.475
576	0.56	0.425
577	0.585	0.435
578	0.58	0.445
579	0.63	0.48
580	0.625	0.49
581	0.55	0.425
582	0.645	0.525
583	0.46	0.355
584	0.41	0.305
585	0.495	0.39
586	0.52	0.425
587	0.55	0.41
588	0.45	0.335
589	0.405	0.31
590	0.51	0.4
591	0.37	0.29
592	0.525	0.41
593	0.66	0.52
594	0.535	0.42
595	0.575	0.455
596	0.55	0.43
597	0.605	0.47
598	0.605	0.495
599	0.56	0.445
600	0.535	0.42
601	0.385	0.315
602	0.39	0.3
603	0.47	0.345
604	0.515	0.39
605	0.425	0.345
606	0.345	0.27
607	0.485	0.37
608	0.37	0.285
609	0.35	0.265
610	0.44	0.345
611	0.195	0.145
612	0.325	0.24
613	0.495	0.37
614	0.45	0.35
615	0.415	0.345
616	0.47	0.355
617	0.32	0.24
618	0.31	0.225
619	0.235	0.17
620	0.345	0.255
621	0.485	0.38
622	0.5	0.385
623	0.5	0.385
624	0.465	0.36
625	0.525	0.405
626	0.425	0.335
627	0.38	0.305
628	0.53	0.415
629	0.34	0.265
630	0.475	0.365
631	0.43	0.34
632	0.46	0.365
633	0.47	0.36
634	0.36	0.295
635	0.355	0.265
636	0.38	0.235
637	0.355	0.26
638	0.44	0.345
639	0.51	0.4
640	0.325	0.24
641	0.62	0.485
642	0.59	0.45
643	0.33	0.255
644	0.45	0.34
645	0.445	0.33
646	0.33	0.215
647	0.48	0.375
648	0.46	0.35
649	0.475	0.36
650	0.255	0.18
651	0.335	0.245
652	0.47	0.35
653	0.31	0.225
654	0.37	0.28
655	0.295	0.215
656	0.555	0.435
657	0.615	0.515
658	0.58	0.49
659	0.585	0.475
660	0.65	0.525
661	0.535	0.45
662	0.415	0.34
663	0.38	0.305
664	0.45	0.355
665	0.395	0.295
666	0.455	0.35
667	0.485	0.38
668	0.55	0.425
669	0.45	0.35
670	0.475	0.385
671	0.5	0.38
672	0.53	0.41
673	0.49	0.39
674	0.49	0.385
675	0.52	0.395
676	0.54	0.415
677	0.5	0.375
678	0.45	0.38
679	0.37	0.275
680	0.37	0.275
681	0.485	0.37
682	0.435	0.325
683	0.535	0.405
684	0.51	0.4
685	0.565	0.44
686	0.535	0.4
687	0.535	0.405
688	0.525	0.4
689	0.59	0.44
690	0.5	0.375
691	0.255	0.19
692	0.43	0.325
693	0.38	0.29
694	0.165	0.11
695	0.315	0.23
696	0.155	0.105
697	0.28	0.205
698	0.43	0.335
699	0.395	0.315
700	0.385	0.285
701	0.48	0.385
702	0.445	0.33
703	0.395	0.295
704	0.4	0.3
705	0.415	0.325
706	0.315	0.25
707	0.345	0.26
708	0.36	0.295
709	0.295	0.225
710	0.325	0.25
711	0.375	0.3
712	0.28	0.205
713	0.355	0.265
714	0.35	0.255
715	0.275	0.2
716	0.29	0.205
717	0.25	0.19
718	0.18	0.125
719	0.15	0.1
720	0.16	0.11
721	0.555	0.455
722	0.555	0.44
723	0.525	0.41
724	0.465	0.36
725	0.49	0.36
726	0.4	0.305
727	0.48	0.375
728	0.505	0.4
729	0.52	0.4
730	0.525	0.4
731	0.545	0.42
732	0.52	0.4
733	0.505	0.38
734	0.525	0.425
735	0.51	0.39
736	0.52	0.385
737	0.52	0.405
738	0.535	0.41
739	0.445	0.345
740	0.53	0.44
741	0.36	0.265
742	0.535	0.42
743	0.52	0.405
744	0.53	0.415
745	0.53	0.42
746	0.66	0.52
747	0.52	0.385
748	0.535	0.42
749	0.695	0.515
750	0.51	0.39
751	0.485	0.355
752	0.605	0.46
753	0.58	0.455
754	0.65	0.515
755	0.62	0.505
756	0.615	0.525
757	0.605	0.495
758	0.57	0.44
759	0.57	0.43
760	0.585	0.405
761	0.55	0.44
762	0.54	0.44
763	0.64	0.51
764	0.61	0.47
765	0.545	0.45
766	0.59	0.445
767	0.345	0.27
768	0.55	0.43
769	0.53	0.425
770	0.53	0.455
771	0.485	0.375
772	0.385	0.275
773	0.455	0.34
774	0.49	0.38
775	0.53	0.41
776	0.505	0.385
777	0.49	0.38
778	0.465	0.35
779	0.47	0.36
780	0.56	0.41
781	0.505	0.385
782	0.515	0.435
783	0.385	0.28
784	0.215	0.155
785	0.55	0.415
786	0.515	0.39
787	0.495	0.385
788	0.505	0.39
789	0.6	0.465
790	0.57	0.465
791	0.485	0.375
792	0.47	0.37
793	0.575	0.45
794	0.58	0.465
795	0.515	0.405
796	0.53	0.41
797	0.44	0.335
798	0.52	0.42
799	0.425	0.345
800	0.46	0.34
801	0.45	0.335
802	0.425	0.33
803	0.37	0.275
804	0.515	0.38
805	0.405	0.305
806	0.28	0.205
807	0.48	0.4
808	0.44	0.34
809	0.52	0.41
810	0.505	0.405
811	0.49	0.365
812	0.235	0.175
813	0.255	0.185
814	0.315	0.24
815	0.325	0.25
816	0.335	0.25
817	0.35	0.27
818	0.35	0.25
819	0.36	0.3
820	0.365	0.275
821	0.37	0.275
822	0.38	0.275
823	0.385	0.29
824	0.385	0.3
825	0.395	0.29
826	0.395	0.29
827	0.4	0.31
828	0.41	0.325
829	0.415	0.32
830	0.415	0.305
831	0.425	0.325
832	0.44	0.365
833	0.445	0.335
834	0.445	0.325
835	0.45	0.35
836	0.47	0.375
837	0.475	0.365
838	0.48	0.365
839	0.485	0.355
840	0.49	0.385
841	0.495	0.41
842	0.5	0.4
843	0.505	0.44
844	0.525	0.395
845	0.54	0.405
846	0.54	0.42
847	0.545	0.44
848	0.55	0.43
849	0.55	0.45
850	0.55	0.45
851	0.555	0.435
852	0.565	0.45
853	0.57	0.455
854	0.57	0.435
855	0.575	0.465
856	0.59	0.475
857	0.59	0.46
858	0.595	0.48
859	0.595	0.48
860	0.595	0.475
861	0.595	0.465
862	0.6	0.475
863	0.6	0.475
864	0.6	0.495
865	0.605	0.475
866	0.605	0.455
867	0.615	0.5
868	0.615	0.52
869	0.615	0.51
870	0.615	0.505
871	0.62	0.505
872	0.62	0.5
873	0.625	0.49
874	0.625	0.49
875	0.63	0.505
876	0.635	0.51
877	0.635	0.5
878	0.635	0.485
879	0.64	0.51
880	0.65	0.525
881	0.655	0.52
882	0.655	0.58
883	0.66	0.53
884	0.66	0.52
885	0.67	0.585
886	0.675	0.525
887	0.675	0.525
888	0.68	0.56
889	0.685	0.54
890	0.695	0.56
891	0.73	0.595
892	0.205	0.14
893	0.24	0.175
894	0.24	0.175
895	0.255	0.19
896	0.255	0.18
897	0.265	0.195
898	0.28	0.12
899	0.295	0.23
900	0.3	0.235
901	0.3	0.23
902	0.305	0.22
903	0.315	0.235
904	0.315	0.23
905	0.32	0.24
906	0.325	0.24
907	0.33	0.265
908	0.335	0.25
909	0.335	0.25
910	0.34	0.25
911	0.34	0.25
912	0.345	0.265
913	0.37	0.29
914	0.37	0.28
915	0.375	0.28
916	0.385	0.265
917	0.41	0.31
918	0.41	0.305
919	0.41	0.31
920	0.415	0.33
921	0.42	0.32
922	0.42	0.315
923	0.425	0.34
924	0.425	0.315
925	0.43	0.325
926	0.43	0.325
927	0.435	0.325
928	0.435	0.34
929	0.44	0.345
930	0.44	0.325
931	0.445	0.335
932	0.445	0.35
933	0.45	0.36
934	0.45	0.355
935	0.45	0.345
936	0.45	0.335
937	0.455	0.355
938	0.455	0.375
939	0.46	0.36
940	0.46	0.345
941	0.465	0.365
942	0.465	0.37
943	0.465	0.345
944	0.465	0.35
945	0.47	0.365
946	0.47	0.365
947	0.475	0.37
948	0.475	0.36
949	0.48	0.375
950	0.48	0.385
951	0.48	0.36
952	0.48	0.365
953	0.485	0.37
954	0.49	0.385
955	0.495	0.395
956	0.495	0.4
957	0.5	0.39
958	0.5	0.385
959	0.5	0.385
960	0.5	0.4
961	0.505	0.39
962	0.505	0.39
963	0.505	0.41
964	0.505	0.355
965	0.51	0.39
966	0.51	0.375
967	0.51	0.405
968	0.51	0.405
969	0.51	0.41
970	0.515	0.43
971	0.515	0.39
972	0.525	0.415
973	0.525	0.4
974	0.53	0.425
975	0.53	0.425
976	0.53	0.405
977	0.535	0.4
978	0.535	0.43
979	0.535	0.435
980	0.55	0.445
981	0.55	0.43
982	0.56	0.455
983	0.565	0.4
984	0.57	0.45
985	0.57	0.45
986	0.57	0.455
987	0.57	0.445
988	0.57	0.46
989	0.575	0.475
990	0.575	0.46
991	0.58	0.46
992	0.58	0.46
993	0.58	0.455
994	0.58	0.45
995	0.58	0.49
996	0.59	0.465
997	0.59	0.47
998	0.59	0.455
999	0.595	0.47
1000	0.595	0.45
1001	0.595	0.475
1002	0.595	0.46
1003	0.595	0.455
1004	0.605	0.49
1005	0.605	0.475
1006	0.605	0.47
1007	0.61	0.47
1008	0.61	0.475
1009	0.615	0.48
1010	0.62	0.51
1011	0.625	0.48
1012	0.625	0.49
1013	0.625	0.475
1014	0.625	0.5
1015	0.625	0.485
1016	0.63	0.485
1017	0.63	0.495
1018	0.63	0.48
1019	0.635	0.49
1020	0.635	0.525
1021	0.64	0.505
1022	0.64	0.5
1023	0.64	0.5
1024	0.645	0.5
1025	0.645	0.52
1026	0.645	0.52
1027	0.645	0.505
1028	0.645	0.5
1029	0.645	0.5
1030	0.645	0.515
1031	0.65	0.495
1032	0.65	0.52
1033	0.65	0.525
1034	0.655	0.46
1035	0.655	0.51
1036	0.66	0.505
1037	0.66	0.535
1038	0.66	0.495
1039	0.66	0.475
1040	0.67	0.525
1041	0.675	0.57
1042	0.675	0.565
1043	0.68	0.535
1044	0.69	0.525
1045	0.69	0.505
1046	0.695	0.535
1047	0.705	0.535
1048	0.71	0.565
1049	0.715	0.565
1050	0.715	0.525
1051	0.735	0.6
1052	0.765	0.6
1053	0.185	0.13
1054	0.195	0.15
1055	0.195	0.135
1056	0.2	0.155
1057	0.225	0.165
1058	0.245	0.18
1059	0.25	0.18
1060	0.265	0.195
1061	0.275	0.195
1062	0.28	0.21
1063	0.285	0.22
1064	0.3	0.22
1065	0.315	0.235
1066	0.32	0.225
1067	0.34	0.265
1068	0.37	0.28
1069	0.375	0.28
1070	0.375	0.275
1071	0.385	0.29
1072	0.4	0.32
1073	0.405	0.3
1074	0.41	0.3
1075	0.41	0.325
1076	0.42	0.3
1077	0.42	0.32
1078	0.42	0.31
1079	0.425	0.325
1080	0.43	0.335
1081	0.435	0.33
1082	0.435	0.345
1083	0.44	0.33
1084	0.445	0.345
1085	0.445	0.34
1086	0.445	0.335
1087	0.45	0.365
1088	0.45	0.34
1089	0.45	0.33
1090	0.45	0.33
1091	0.45	0.33
1092	0.46	0.35
1093	0.47	0.36
1094	0.47	0.38
1095	0.475	0.35
1096	0.475	0.35
1097	0.48	0.38
1098	0.49	0.465
1099	0.5	0.375
1100	0.5	0.375
1101	0.5	0.38
1102	0.5	0.39
1103	0.505	0.39
1104	0.51	0.405
1105	0.51	0.4
1106	0.51	0.4
1107	0.51	0.38
1108	0.515	0.385
1109	0.52	0.4
1110	0.52	0.38
1111	0.52	0.38
1112	0.52	0.46
1113	0.525	0.4
1114	0.525	0.4
1115	0.525	0.405
1116	0.525	0.395
1117	0.53	0.4
1118	0.535	0.39
1119	0.54	0.42
1120	0.545	0.39
1121	0.545	0.41
1122	0.545	0.415
1123	0.55	0.415
1124	0.55	0.43
1125	0.55	0.425
1126	0.56	0.43
1127	0.56	0.445
1128	0.56	0.44
1129	0.56	0.415
1130	0.565	0.455
1131	0.565	0.435
1132	0.565	0.45
1133	0.57	0.46
1134	0.57	0.445
1135	0.57	0.44
1136	0.575	0.46
1137	0.575	0.45
1138	0.575	0.435
1139	0.575	0.47
1140	0.575	0.455
1141	0.575	0.435
1142	0.575	0.445
1143	0.575	0.445
1144	0.58	0.455
1145	0.58	0.455
1146	0.58	0.445
1147	0.58	0.45
1148	0.58	0.45
1149	0.58	0.45
1150	0.585	0.46
1151	0.585	0.465
1152	0.59	0.47
1153	0.6	0.475
1154	0.6	0.455
1155	0.6	0.465
1156	0.6	0.465
1157	0.605	0.47
1158	0.605	0.475
1159	0.605	0.48
1160	0.605	0.475
1161	0.61	0.485
1162	0.61	0.485
1163	0.61	0.47
1164	0.615	0.46
1165	0.615	0.465
1166	0.615	0.475
1167	0.62	0.47
1168	0.62	0.45
1169	0.62	0.48
1170	0.625	0.485
1171	0.625	0.48
1172	0.63	0.47
1173	0.63	0.5
1174	0.635	0.495
1175	0.64	0.515
1176	0.645	0.53
1177	0.645	0.48
1178	0.65	0.5
1179	0.65	0.5
1180	0.655	0.515
1181	0.655	0.51
1182	0.66	0.53
1183	0.665	0.525
1184	0.665	0.5
1185	0.67	0.505
1186	0.685	0.54
1187	0.685	0.52
1188	0.69	0.54
1189	0.69	0.53
1190	0.69	0.53
1191	0.695	0.56
1192	0.7	0.565
1193	0.7	0.575
1194	0.7	0.525
1195	0.705	0.55
1196	0.71	0.56
1197	0.715	0.55
1198	0.715	0.535
1199	0.72	0.58
1200	0.72	0.55
1201	0.72	0.565
1202	0.725	0.505
1203	0.73	0.575
1204	0.735	0.585
1205	0.745	0.565
1206	0.75	0.57
1207	0.755	0.625
1208	0.755	0.58
1209	0.78	0.63
1210	0.185	0.375
1211	0.245	0.205
1212	0.25	0.185
1213	0.25	0.19
1214	0.275	0.195
1215	0.305	0.215
1216	0.31	0.225
1217	0.315	0.23
1218	0.315	0.23
1219	0.325	0.225
1220	0.33	0.25
1221	0.33	0.205
1222	0.335	0.245
1223	0.34	0.25
1224	0.345	0.255
1225	0.345	0.255
1226	0.35	0.27
1227	0.35	0.255
1228	0.36	0.27
1229	0.365	0.27
1230	0.365	0.27
1231	0.365	0.265
1232	0.37	0.29
1233	0.37	0.28
1234	0.375	0.29
1235	0.375	0.29
1236	0.375	0.275
1237	0.375	0.275
1238	0.375	0.28
1239	0.375	0.27
1240	0.38	0.275
1241	0.38	0.27
1242	0.385	0.29
1243	0.385	0.28
1244	0.385	0.3
1245	0.385	0.28
1246	0.39	0.3
1247	0.395	0.305
1248	0.395	0.295
1249	0.395	0.27
1250	0.4	0.29
1251	0.405	0.285
1252	0.41	0.335
1253	0.42	0.305
1254	0.425	0.325
1255	0.425	0.32
1256	0.425	0.31
1257	0.43	0.34
1258	0.43	0.315
1259	0.435	0.315
1260	0.44	0.34
1261	0.45	0.33
1262	0.455	0.345
1263	0.455	0.365
1264	0.455	0.33
1265	0.46	0.36
1266	0.46	0.35
1267	0.46	0.365
1268	0.465	0.34
1269	0.47	0.365
1270	0.47	0.355
1271	0.47	0.355
1272	0.475	0.355
1273	0.475	0.38
1274	0.475	0.36
1275	0.48	0.37
1276	0.48	0.355
1277	0.48	0.365
1278	0.495	0.355
1279	0.495	0.38
1280	0.495	0.395
1281	0.5	0.38
1282	0.5	0.42
1283	0.5	0.375
1284	0.5	0.41
1285	0.5	0.375
1286	0.5	0.395
1287	0.505	0.405
1288	0.505	0.38
1289	0.505	0.395
1290	0.515	0.38
1291	0.515	0.42
1292	0.515	0.4
1293	0.52	0.4
1294	0.52	0.395
1295	0.525	0.4
1296	0.525	0.42
1297	0.53	0.415
1298	0.53	0.42
1299	0.53	0.415
1300	0.53	0.425
1301	0.535	0.4
1302	0.535	0.415
1303	0.535	0.41
1304	0.535	0.435
1305	0.54	0.42
1306	0.54	0.42
1307	0.545	0.435
1308	0.545	0.445
1309	0.545	0.43
1310	0.545	0.405
1311	0.55	0.43
1312	0.55	0.405
1313	0.55	0.43
1314	0.55	0.435
1315	0.55	0.425
1316	0.555	0.44
1317	0.555	0.43
1318	0.555	0.43
1319	0.555	0.425
1320	0.56	0.425
1321	0.56	0.425
1322	0.56	0.445
1323	0.56	0.455
1324	0.565	0.44
1325	0.565	0.45
1326	0.565	0.445
1327	0.565	0.39
1328	0.57	0.45
1329	0.57	0.45
1330	0.57	0.46
1331	0.57	0.435
1332	0.57	0.44
1333	0.57	0.435
1334	0.575	0.42
1335	0.575	0.48
1336	0.575	0.46
1337	0.58	0.46
1338	0.58	0.455
1339	0.58	0.445
1340	0.585	0.465
1341	0.585	0.49
1342	0.585	0.475
1343	0.585	0.46
1344	0.585	0.47
1345	0.585	0.475
1346	0.585	0.45
1347	0.59	0.445
1348	0.59	0.47
1349	0.59	0.455
1350	0.595	0.465
1351	0.595	0.465
1352	0.6	0.475
1353	0.6	0.48
1354	0.6	0.475
1355	0.6	0.465
1356	0.6	0.455
1357	0.6	0.46
1358	0.605	0.485
1359	0.605	0.49
1360	0.605	0.435
1361	0.605	0.475
1362	0.605	0.47
1363	0.61	0.45
1364	0.61	0.48
1365	0.61	0.475
1366	0.61	0.465
1367	0.61	0.48
1368	0.61	0.46
1369	0.615	0.475
1370	0.615	0.47
1371	0.615	0.5
1372	0.615	0.475
1373	0.615	0.475
1374	0.615	0.48
1375	0.615	0.475
1376	0.62	0.51
1377	0.62	0.495
1378	0.62	0.5
1379	0.62	0.475
1380	0.625	0.455
1381	0.625	0.505
1382	0.625	0.515
1383	0.625	0.48
1384	0.63	0.485
1385	0.63	0.505
1386	0.63	0.485
1387	0.63	0.475
1388	0.63	0.495
1389	0.635	0.49
1390	0.635	0.5
1391	0.635	0.495
1392	0.635	0.475
1393	0.635	0.51
1394	0.64	0.565
1395	0.64	0.525
1396	0.645	0.51
1397	0.645	0.5
1398	0.645	0.525
1399	0.65	0.505
1400	0.65	0.59
1401	0.65	0.525
1402	0.65	0.51
1403	0.65	0.51
1404	0.655	0.525
1405	0.655	0.535
1406	0.655	0.52
1407	0.655	0.49
1408	0.66	0.495
1409	0.66	0.515
1410	0.665	0.53
1411	0.67	0.53
1412	0.67	0.505
1413	0.675	0.545
1414	0.685	0.545
1415	0.695	0.565
1416	0.7	0.545
1417	0.705	0.565
1418	0.705	0.555
1419	0.705	0.57
1420	0.71	0.55
1421	0.72	0.575
1422	0.72	0.575
1423	0.725	0.6
1424	0.73	0.58
1425	0.735	0.565
1426	0.745	0.57
1427	0.75	0.61
1428	0.815	0.65
1429	0.14	0.105
1430	0.23	0.165
1431	0.365	0.265
1432	0.365	0.255
1433	0.37	0.27
1434	0.375	0.28
1435	0.385	0.3
1436	0.395	0.295
1437	0.4	0.29
1438	0.4	0.3
1439	0.405	0.31
1440	0.405	0.29
1441	0.405	0.3
1442	0.41	0.32
1443	0.415	0.315
1444	0.425	0.34
1445	0.43	0.34
1446	0.44	0.34
1447	0.44	0.32
1448	0.44	0.365
1449	0.45	0.335
1450	0.455	0.335
1451	0.46	0.355
1452	0.47	0.345
1453	0.47	0.35
1454	0.47	0.355
1455	0.475	0.37
1456	0.475	0.365
1457	0.475	0.365
1458	0.48	0.36
1459	0.485	0.38
1460	0.485	0.39
1461	0.485	0.37
1462	0.495	0.38
1463	0.505	0.385
1464	0.505	0.38
1465	0.515	0.395
1466	0.515	0.425
1467	0.515	0.4
1468	0.52	0.4
1469	0.525	0.4
1470	0.53	0.43
1471	0.53	0.4
1472	0.545	0.41
1473	0.55	0.43
1474	0.55	0.425
1475	0.56	0.43
1476	0.56	0.435
1477	0.57	0.445
1478	0.575	0.465
1479	0.575	0.46
1480	0.58	0.46
1481	0.58	0.435
1482	0.585	0.455
1483	0.59	0.44
1484	0.59	0.465
1485	0.59	0.46
1486	0.595	0.455
1487	0.6	0.455
1488	0.6	0.465
1489	0.605	0.485
1490	0.605	0.485
1491	0.605	0.515
1492	0.61	0.485
1493	0.615	0.475
1494	0.62	0.485
1495	0.62	0.435
1496	0.62	0.48
1497	0.625	0.52
1498	0.625	0.47
1499	0.63	0.47
1500	0.63	0.5
1501	0.63	0.455
1502	0.63	0.48
1503	0.63	0.49
1504	0.635	0.505
1505	0.635	0.51
1506	0.64	0.515
1507	0.645	0.515
1508	0.645	0.51
1509	0.645	0.505
1510	0.65	0.545
1511	0.65	0.515
1512	0.65	0.5
1513	0.65	0.485
1514	0.655	0.54
1515	0.655	0.51
1516	0.66	0.505
1517	0.665	0.515
1518	0.67	0.545
1519	0.67	0.51
1520	0.67	0.5
1521	0.68	0.5
1522	0.68	0.515
1523	0.69	0.525
1524	0.7	0.55
1525	0.7	0.555
1526	0.705	0.56
1527	0.72	0.565
1528	0.725	0.575
1529	0.74	0.57
1530	0.75	0.55
1531	0.21	0.17
1532	0.285	0.21
1533	0.295	0.215
1534	0.3	0.23
1535	0.305	0.225
1536	0.335	0.255
1537	0.35	0.26
1538	0.355	0.27
1539	0.355	0.26
1540	0.36	0.27
1541	0.36	0.275
1542	0.36	0.265
1543	0.365	0.27
1544	0.37	0.27
1545	0.375	0.28
1546	0.38	0.285
1547	0.38	0.29
1548	0.385	0.29
1549	0.385	0.28
1550	0.385	0.3
1551	0.39	0.3
1552	0.39	0.285
1553	0.39	0.29
1554	0.41	0.3
1555	0.41	0.3
1556	0.415	0.325
1557	0.425	0.325
1558	0.425	0.315
1559	0.435	0.335
1560	0.435	0.325
1561	0.45	0.34
1562	0.45	0.335
1563	0.455	0.36
1564	0.46	0.35
1565	0.46	0.355
1566	0.465	0.37
1567	0.465	0.345
1568	0.47	0.355
1569	0.475	0.36
1570	0.475	0.36
1571	0.475	0.36
1572	0.48	0.37
1573	0.48	0.37
1574	0.48	0.355
1575	0.485	0.375
1576	0.49	0.375
1577	0.49	0.4
1578	0.495	0.37
1579	0.495	0.4
1580	0.5	0.4
1581	0.5	0.39
1582	0.5	0.375
1583	0.51	0.395
1584	0.515	0.375
1585	0.515	0.36
1586	0.515	0.35
1587	0.515	0.395
1588	0.515	0.39
1589	0.52	0.41
1590	0.52	0.39
1591	0.525	0.415
1592	0.525	0.39
1593	0.525	0.38
1594	0.525	0.4
1595	0.525	0.4
1596	0.53	0.42
1597	0.53	0.43
1598	0.53	0.4
1599	0.53	0.42
1600	0.535	0.4
1601	0.54	0.43
1602	0.54	0.425
1603	0.54	0.43
1604	0.54	0.455
1605	0.54	0.42
1606	0.54	0.425
1607	0.54	0.425
1608	0.545	0.4
1609	0.545	0.375
1610	0.545	0.42
1611	0.55	0.435
1612	0.55	0.425
1613	0.55	0.42
1614	0.55	0.415
1615	0.55	0.425
1616	0.555	0.395
1617	0.555	0.435
1618	0.555	0.46
1619	0.56	0.445
1620	0.56	0.44
1621	0.56	0.425
1622	0.565	0.42
1623	0.565	0.44
1624	0.565	0.44
1625	0.565	0.43
1626	0.57	0.45
1627	0.57	0.45
1628	0.57	0.435
1629	0.57	0.43
1630	0.57	0.445
1631	0.57	0.445
1632	0.575	0.455
1633	0.575	0.425
1634	0.575	0.47
1635	0.575	0.45
1636	0.575	0.47
1637	0.575	0.465
1638	0.575	0.445
1639	0.575	0.45
1640	0.575	0.435
1641	0.575	0.445
1642	0.575	0.44
1643	0.58	0.435
1644	0.58	0.46
1645	0.58	0.43
1646	0.58	0.445
1647	0.585	0.445
1648	0.59	0.49
1649	0.59	0.45
1650	0.59	0.46
1651	0.595	0.435
1652	0.595	0.45
1653	0.595	0.45
1654	0.595	0.46
1655	0.6	0.46
1656	0.6	0.475
1657	0.6	0.48
1658	0.6	0.48
1659	0.6	0.48
1660	0.6	0.47
1661	0.6	0.47
1662	0.605	0.455
1663	0.605	0.475
1664	0.605	0.47
1665	0.605	0.48
1666	0.605	0.47
1667	0.605	0.505
1668	0.61	0.475
1669	0.61	0.465
1670	0.61	0.485
1671	0.61	0.47
1672	0.61	0.475
1673	0.61	0.465
1674	0.61	0.47
1675	0.61	0.485
1676	0.615	0.47
1677	0.615	0.475
1678	0.62	0.485
1679	0.62	0.515
1680	0.62	0.515
1681	0.62	0.54
1682	0.62	0.49
1683	0.62	0.48
1684	0.62	0.47
1685	0.62	0.45
1686	0.62	0.48
1687	0.62	0.48
1688	0.625	0.49
1689	0.625	0.475
1690	0.625	0.5
1691	0.625	0.47
1692	0.625	0.485
1693	0.625	0.485
1694	0.63	0.505
1695	0.63	0.5
1696	0.63	0.49
1697	0.63	0.485
1698	0.63	0.495
1699	0.635	0.5
1700	0.635	0.5
1701	0.635	0.49
1702	0.635	0.49
1703	0.64	0.505
1704	0.64	0.515
1705	0.64	0.525
1706	0.645	0.505
1707	0.645	0.5
1708	0.645	0.5
1709	0.645	0.51
1710	0.645	0.51
1711	0.645	0.51
1712	0.645	0.51
1713	0.645	0.5
1714	0.645	0.51
1715	0.645	0.485
1716	0.645	0.48
1717	0.65	0.495
1718	0.65	0.505
1719	0.65	0.525
1720	0.65	0.51
1721	0.655	0.55
1722	0.655	0.51
1723	0.655	0.505
1724	0.655	0.505
1725	0.66	0.5
1726	0.66	0.535
1727	0.66	0.53
1728	0.66	0.51
1729	0.665	0.525
1730	0.665	0.505
1731	0.665	0.505
1732	0.665	0.52
1733	0.665	0.5
1734	0.67	0.505
1735	0.67	0.52
1736	0.67	0.52
1737	0.67	0.55
1738	0.67	0.54
1739	0.675	0.525
1740	0.675	0.51
1741	0.68	0.52
1742	0.68	0.51
1743	0.685	0.52
1744	0.685	0.565
1745	0.69	0.55
1746	0.7	0.565
1747	0.7	0.535
1748	0.705	0.545
1749	0.71	0.575
1750	0.71	0.57
1751	0.71	0.54
1752	0.71	0.56
1753	0.72	0.57
1754	0.72	0.55
1755	0.72	0.525
1756	0.725	0.565
1757	0.73	0.56
1758	0.735	0.59
1759	0.74	0.565
1760	0.75	0.565
1761	0.75	0.595
1762	0.77	0.62
1763	0.775	0.63
1764	0.275	0.175
1765	0.375	0.245
1766	0.375	0.27
1767	0.39	0.28
1768	0.435	0.3
1769	0.445	0.32
1770	0.455	0.335
1771	0.455	0.325
1772	0.455	0.345
1773	0.465	0.325
1774	0.465	0.36
1775	0.485	0.365
1776	0.485	0.37
1777	0.485	0.345
1778	0.49	0.355
1779	0.5	0.37
1780	0.515	0.35
1781	0.515	0.395
1782	0.525	0.365
1783	0.525	0.38
1784	0.53	0.41
1785	0.535	0.425
1786	0.535	0.385
1787	0.545	0.42
1788	0.545	0.415
1789	0.545	0.385
1790	0.55	0.38
1791	0.55	0.42
1792	0.57	0.455
1793	0.575	0.44
1794	0.575	0.45
1795	0.58	0.43
1796	0.585	0.455
1797	0.585	0.45
1798	0.6	0.495
1799	0.6	0.465
1800	0.605	0.475
1801	0.605	0.475
1802	0.61	0.475
1803	0.615	0.455
1804	0.62	0.47
1805	0.625	0.495
1806	0.625	0.49
1807	0.635	0.495
1808	0.635	0.475
1809	0.64	0.475
1810	0.645	0.5
1811	0.65	0.525
1812	0.65	0.485
1813	0.655	0.52
1814	0.655	0.545
1815	0.665	0.515
1816	0.675	0.53
1817	0.685	0.535
1818	0.695	0.55
1819	0.695	0.53
1820	0.705	0.545
1821	0.72	0.55
1822	0.72	0.56
1823	0.73	0.575
1824	0.185	0.135
1825	0.24	0.18
1826	0.31	0.215
1827	0.34	0.26
1828	0.35	0.265
1829	0.365	0.27
1830	0.365	0.275
1831	0.365	0.27
1832	0.39	0.31
1833	0.405	0.3
1834	0.41	0.315
1835	0.41	0.335
1836	0.415	0.31
1837	0.415	0.31
1838	0.415	0.31
1839	0.42	0.325
1840	0.43	0.34
1841	0.435	0.335
1842	0.435	0.33
1843	0.435	0.33
1844	0.435	0.345
1845	0.445	0.33
1846	0.465	0.37
1847	0.47	0.375
1848	0.475	0.34
1849	0.485	0.385
1850	0.485	0.36
1851	0.485	0.37
1852	0.495	0.38
1853	0.495	0.38
1854	0.495	0.375
1855	0.5	0.38
1856	0.505	0.405
1857	0.505	0.4
1858	0.51	0.4
1859	0.515	0.415
1860	0.515	0.42
1861	0.515	0.385
1862	0.52	0.41
1863	0.52	0.415
1864	0.52	0.395
1865	0.52	0.38
1866	0.52	0.385
1867	0.525	0.415
1868	0.525	0.405
1869	0.525	0.4
1870	0.53	0.43
1871	0.53	0.43
1872	0.53	0.395
1873	0.53	0.405
1874	0.535	0.455
1875	0.54	0.425
1876	0.54	0.395
1877	0.54	0.39
1878	0.545	0.425
1879	0.545	0.43
1880	0.55	0.435
1881	0.55	0.45
1882	0.555	0.435
1883	0.555	0.41
1884	0.555	0.4
1885	0.555	0.45
1886	0.555	0.455
1887	0.56	0.445
1888	0.565	0.445
1889	0.565	0.415
1890	0.565	0.455
1891	0.565	0.435
1892	0.565	0.45
1893	0.565	0.46
1894	0.57	0.46
1895	0.57	0.455
1896	0.57	0.44
1897	0.57	0.415
1898	0.57	0.44
1899	0.575	0.45
1900	0.575	0.45
1901	0.575	0.435
1902	0.575	0.455
1903	0.575	0.445
1904	0.575	0.465
1905	0.575	0.45
1906	0.575	0.45
1907	0.575	0.43
1908	0.575	0.475
1909	0.58	0.45
1910	0.58	0.5
1911	0.58	0.44
1912	0.58	0.44
1913	0.58	0.44
1914	0.595	0.455
1915	0.6	0.47
1916	0.6	0.46
1917	0.6	0.475
1918	0.6	0.465
1919	0.605	0.49
1920	0.605	0.455
1921	0.605	0.47
1922	0.61	0.48
1923	0.61	0.46
1924	0.61	0.46
1925	0.61	0.47
1926	0.615	0.47
1927	0.615	0.47
1928	0.615	0.495
1929	0.615	0.495
1930	0.62	0.49
1931	0.62	0.49
1932	0.62	0.495
1933	0.62	0.495
1934	0.62	0.47
1935	0.62	0.485
1936	0.625	0.495
1937	0.625	0.515
1938	0.625	0.505
1939	0.625	0.445
1940	0.625	0.52
1941	0.625	0.47
1942	0.63	0.49
1943	0.635	0.485
1944	0.635	0.52
1945	0.635	0.505
1946	0.635	0.525
1947	0.635	0.5
1948	0.635	0.515
1949	0.64	0.53
1950	0.64	0.48
1951	0.64	0.515
1952	0.64	0.49
1953	0.64	0.49
1954	0.64	0.485
1955	0.645	0.51
1956	0.645	0.49
1957	0.645	0.52
1958	0.65	0.52
1959	0.65	0.51
1960	0.65	0.51
1961	0.655	0.515
1962	0.655	0.525
1963	0.655	0.52
1964	0.66	0.535
1965	0.66	0.51
1966	0.665	0.5
1967	0.665	0.515
1968	0.665	0.525
1969	0.67	0.53
1970	0.675	0.515
1971	0.675	0.51
1972	0.68	0.54
1973	0.68	0.54
1974	0.685	0.535
1975	0.69	0.55
1976	0.695	0.545
1977	0.7	0.575
1978	0.7	0.55
1979	0.7	0.55
1980	0.705	0.535
1981	0.72	0.575
1982	0.72	0.565
1983	0.725	0.57
1984	0.75	0.55
1985	0.76	0.605
1986	0.135	0.13
1987	0.16	0.11
1988	0.21	0.15
1989	0.28	0.21
1990	0.28	0.2
1991	0.285	0.215
1992	0.29	0.21
1993	0.29	0.21
1994	0.29	0.21
1995	0.32	0.24
1996	0.325	0.25
1997	0.335	0.25
1998	0.35	0.235
1999	0.35	0.25
2000	0.355	0.27
2001	0.36	0.27
2002	0.36	0.27
2003	0.375	0.28
2004	0.375	0.275
2005	0.395	0.29
2006	0.405	0.25
2007	0.415	0.325
2008	0.425	0.315
2009	0.43	0.32
2010	0.435	0.325
2011	0.45	0.33
2012	0.46	0.35
2013	0.47	0.365
2014	0.47	0.375
2015	0.475	0.365
2016	0.505	0.39
2017	0.505	0.395
2018	0.505	0.385
2019	0.51	0.455
2020	0.515	0.4
2021	0.525	0.41
2022	0.53	0.43
2023	0.53	0.405
2024	0.545	0.44
2025	0.55	0.47
2026	0.56	0.41
2027	0.565	0.445
2028	0.57	0.435
2029	0.58	0.46
2030	0.59	0.465
2031	0.6	0.45
2032	0.605	0.445
2033	0.61	0.49
2034	0.625	0.515
2035	0.66	0.515
2036	0.255	0.19
2037	0.27	0.195
2038	0.28	0.215
2039	0.285	0.215
2040	0.32	0.255
2041	0.325	0.24
2042	0.385	0.28
2043	0.395	0.295
2044	0.4	0.305
2045	0.405	0.31
2046	0.415	0.305
2047	0.42	0.315
2048	0.44	0.305
2049	0.445	0.32
2050	0.45	0.35
2051	0.455	0.355
2052	0.46	0.345
2053	0.46	0.345
2054	0.465	0.36
2055	0.465	0.355
2056	0.475	0.38
2057	0.48	0.35
2058	0.485	0.39
2059	0.49	0.37
2060	0.5	0.39
2061	0.5	0.38
2062	0.505	0.385
2063	0.525	0.385
2064	0.535	0.42
2065	0.535	0.42
2066	0.54	0.385
2067	0.54	0.42
2068	0.545	0.43
2069	0.55	0.41
2070	0.55	0.42
2071	0.565	0.44
2072	0.58	0.45
2073	0.58	0.435
2074	0.585	0.485
2075	0.595	0.465
2076	0.6	0.47
2077	0.61	0.43
2078	0.61	0.48
2079	0.62	0.49
2080	0.645	0.495
2081	0.65	0.5
2082	0.665	0.525
2083	0.685	0.55
2084	0.69	0.54
2085	0.705	0.57
2086	0.71	0.5
2087	0.72	0.585
2088	0.72	0.575
2089	0.73	0.555
2090	0.775	0.57
2091	0.505	0.39
2092	0.53	0.425
2093	0.505	0.385
2094	0.405	0.305
2095	0.415	0.3
2096	0.5	0.39
2097	0.425	0.33
2098	0.47	0.35
2099	0.4	0.31
2100	0.37	0.29
2101	0.5	0.38
2102	0.41	0.31
2103	0.375	0.29
2104	0.49	0.385
2105	0.585	0.48
2106	0.595	0.455
2107	0.675	0.55
2108	0.665	0.535
2109	0.62	0.49
2110	0.325	0.25
2111	0.455	0.355
2112	0.525	0.405
2113	0.385	0.29
2114	0.13	0.095
2115	0.18	0.13
2116	0.31	0.225
2117	0.375	0.29
2118	0.48	0.38
2119	0.455	0.37
2120	0.425	0.325
2121	0.475	0.36
2122	0.435	0.35
2123	0.29	0.21
2124	0.385	0.295
2125	0.47	0.375
2126	0.5	0.4
2127	0.4	0.31
2128	0.62	0.51
2129	0.595	0.47
2130	0.585	0.455
2131	0.32	0.24
2132	0.52	0.41
2133	0.44	0.35
2134	0.44	0.33
2135	0.565	0.425
2136	0.56	0.425
2137	0.59	0.455
2138	0.57	0.465
2139	0.68	0.53
2140	0.45	0.36
2141	0.32	0.24
2142	0.46	0.35
2143	0.47	0.37
2144	0.455	0.35
2145	0.415	0.325
2146	0.465	0.35
2147	0.46	0.375
2148	0.415	0.31
2149	0.27	0.195
2150	0.445	0.355
2151	0.745	0.585
2152	0.4	0.3
2153	0.28	0.2
2154	0.55	0.44
2155	0.58	0.46
2156	0.61	0.5
2157	0.62	0.495
2158	0.56	0.42
2159	0.64	0.51
2160	0.69	0.55
2161	0.715	0.565
2162	0.71	0.565
2163	0.55	0.47
2164	0.375	0.305
2165	0.61	0.45
2166	0.38	0.28
2167	0.37	0.275
2168	0.335	0.235
2169	0.165	0.115
2170	0.285	0.21
2171	0.19	0.13
2172	0.215	0.15
2173	0.595	0.465
2174	0.645	0.5
2175	0.575	0.45
2176	0.57	0.45
2177	0.58	0.45
2178	0.595	0.48
2179	0.595	0.47
2180	0.625	0.42
2181	0.535	0.42
2182	0.55	0.43
2183	0.495	0.4
2184	0.32	0.235
2185	0.445	0.34
2186	0.52	0.4
2187	0.495	0.385
2188	0.47	0.37
2189	0.49	0.37
2190	0.58	0.47
2191	0.645	0.495
2192	0.575	0.485
2193	0.215	0.17
2194	0.43	0.325
2195	0.26	0.215
2196	0.37	0.28
2197	0.405	0.305
2198	0.27	0.19
2199	0.68	0.55
2200	0.65	0.515
2201	0.645	0.49
2202	0.57	0.405
2203	0.615	0.48
2204	0.42	0.345
2205	0.275	0.22
2206	0.29	0.225
2207	0.42	0.34
2208	0.625	0.525
2209	0.55	0.465
2210	0.66	0.505
2211	0.565	0.47
2212	0.595	0.495
2213	0.63	0.51
2214	0.43	0.325
2215	0.455	0.35
2216	0.33	0.26
2217	0.515	0.415
2218	0.495	0.39
2219	0.485	0.375
2220	0.535	0.46
2221	0.58	0.465
2222	0.625	0.525
2223	0.555	0.455
2224	0.55	0.425
2225	0.59	0.475
2226	0.355	0.28
2227	0.275	0.2
2228	0.505	0.39
2229	0.37	0.28
2230	0.555	0.43
2231	0.505	0.4
2232	0.56	0.445
2233	0.595	0.475
2234	0.57	0.45
2235	0.6	0.48
2236	0.56	0.435
2237	0.585	0.465
2238	0.46	0.335
2239	0.46	0.36
2240	0.415	0.315
2241	0.435	0.32
2242	0.475	0.38
2243	0.465	0.36
2244	0.355	0.28
2245	0.46	0.375
2246	0.38	0.325
2247	0.47	0.365
2248	0.36	0.27
2249	0.585	0.455
2250	0.655	0.59
2251	0.6	0.485
2252	0.57	0.46
2253	0.645	0.5
2254	0.65	0.495
2255	0.51	0.395
2256	0.52	0.38
2257	0.495	0.415
2258	0.43	0.335
2259	0.59	0.465
2260	0.55	0.46
2261	0.585	0.43
2262	0.58	0.455
2263	0.62	0.51
2264	0.59	0.45
2265	0.72	0.575
2266	0.635	0.51
2267	0.61	0.48
2268	0.545	0.445
2269	0.57	0.45
2270	0.6	0.475
2271	0.52	0.41
2272	0.635	0.51
2273	0.67	0.52
2274	0.695	0.57
2275	0.655	0.525
2276	0.62	0.48
2277	0.6	0.475
2278	0.51	0.405
2279	0.525	0.405
2280	0.44	0.375
2281	0.485	0.415
2282	0.495	0.385
2283	0.435	0.345
2284	0.405	0.315
2285	0.42	0.33
2286	0.5	0.395
2287	0.385	0.305
2288	0.33	0.265
2289	0.58	0.475
2290	0.325	0.27
2291	0.475	0.375
2292	0.38	0.3
2293	0.34	0.26
2294	0.525	0.425
2295	0.52	0.415
2296	0.535	0.45
2297	0.475	0.36
2298	0.415	0.325
2299	0.495	0.385
2300	0.48	0.405
2301	0.52	0.425
2302	0.46	0.375
2303	0.58	0.455
2304	0.59	0.49
2305	0.55	0.415
2306	0.65	0.5
2307	0.465	0.375
2308	0.455	0.355
2309	0.47	0.375
2310	0.435	0.35
2311	0.35	0.265
2312	0.315	0.24
2313	0.595	0.47
2314	0.58	0.475
2315	0.575	0.435
2316	0.535	0.435
2317	0.515	0.42
2318	0.505	0.385
2319	0.505	0.395
2320	0.4	0.31
2321	0.49	0.395
2322	0.53	0.435
2323	0.395	0.325
2324	0.665	0.535
2325	0.415	0.305
2326	0.43	0.345
2327	0.475	0.395
2328	0.525	0.425
2329	0.48	0.39
2330	0.42	0.345
2331	0.59	0.46
2332	0.515	0.42
2333	0.695	0.55
2334	0.8	0.63
2335	0.61	0.49
2336	0.565	0.48
2337	0.56	0.455
2338	0.655	0.485
2339	0.64	0.52
2340	0.59	0.47
2341	0.31	0.24
2342	0.255	0.185
2343	0.17	0.125
2344	0.67	0.55
2345	0.71	0.565
2346	0.56	0.43
2347	0.505	0.4
2348	0.525	0.43
2349	0.45	0.36
2350	0.515	0.435
2351	0.59	0.475
2352	0.7	0.53
2353	0.72	0.56
2354	0.635	0.495
2355	0.555	0.44
2356	0.575	0.47
2357	0.585	0.455
2358	0.61	0.485
2359	0.645	0.525
2360	0.545	0.44
2361	0.55	0.45
2362	0.66	0.525
2363	0.57	0.475
2364	0.6	0.47
2365	0.63	0.505
2366	0.695	0.57
2367	0.65	0.545
2368	0.72	0.595
2369	0.56	0.44
2370	0.42	0.325
2371	0.18	0.125
2372	0.405	0.325
2373	0.5	0.405
2374	0.435	0.335
2375	0.34	0.275
2376	0.43	0.34
2377	0.535	0.41
2378	0.415	0.325
2379	0.36	0.265
2380	0.175	0.135
2381	0.155	0.115
2382	0.525	0.43
2383	0.525	0.39
2384	0.44	0.345
2385	0.45	0.345
2386	0.485	0.365
2387	0.47	0.35
2388	0.515	0.375
2389	0.42	0.34
2390	0.455	0.35
2391	0.37	0.29
2392	0.33	0.25
2393	0.3	0.22
2394	0.625	0.46
2395	0.61	0.475
2396	0.625	0.465
2397	0.635	0.505
2398	0.5	0.385
2399	0.53	0.43
2400	0.445	0.33
2401	0.585	0.415
2402	0.44	0.355
2403	0.29	0.225
2404	0.555	0.455
2405	0.655	0.515
2406	0.58	0.46
2407	0.625	0.43
2408	0.62	0.485
2409	0.64	0.5
2410	0.505	0.375
2411	0.5	0.395
2412	0.31	0.245
2413	0.505	0.38
2414	0.42	0.305
2415	0.4	0.315
2416	0.425	0.315
2417	0.31	0.235
2418	0.465	0.35
2419	0.465	0.36
2420	0.35	0.255
2421	0.52	0.415
2422	0.475	0.365
2423	0.41	0.315
2424	0.26	0.2
2425	0.575	0.45
2426	0.565	0.435
2427	0.26	0.19
2428	0.53	0.385
2429	0.34	0.255
2430	0.52	0.38
2431	0.635	0.5
2432	0.61	0.485
2433	0.66	0.515
2434	0.635	0.5
2435	0.465	0.38
2436	0.515	0.4
2437	0.335	0.24
2438	0.515	0.4
2439	0.345	0.255
2440	0.465	0.355
2441	0.54	0.415
2442	0.475	0.355
2443	0.445	0.335
2444	0.5	0.355
2445	0.5	0.38
2446	0.55	0.435
2447	0.275	0.205
2448	0.35	0.265
2449	0.37	0.285
2450	0.42	0.33
2451	0.35	0.26
2452	0.395	0.305
2453	0.325	0.2
2454	0.275	0.2
2455	0.235	0.17
2456	0.25	0.18
2457	0.25	0.185
2458	0.2	0.145
2459	0.585	0.47
2460	0.445	0.35
2461	0.5	0.385
2462	0.44	0.325
2463	0.515	0.405
2464	0.52	0.405
2465	0.5	0.39
2466	0.425	0.325
2467	0.51	0.415
2468	0.37	0.275
2469	0.54	0.415
2470	0.615	0.475
2471	0.565	0.44
2472	0.645	0.515
2473	0.615	0.47
2474	0.605	0.49
2475	0.59	0.455
2476	0.645	0.485
2477	0.57	0.42
2478	0.47	0.355
2479	0.5	0.44
2480	0.52	0.425
2481	0.39	0.285
2482	0.52	0.4
2483	0.54	0.415
2484	0.46	0.36
2485	0.355	0.26
2486	0.49	0.4
2487	0.63	0.51
2488	0.5	0.385
2489	0.49	0.39
2490	0.44	0.325
2491	0.515	0.395
2492	0.475	0.38
2493	0.42	0.31
2494	0.4	0.305
2495	0.45	0.36
2496	0.52	0.4
2497	0.505	0.4
2498	0.495	0.4
2499	0.54	0.41
2500	0.48	0.39
2501	0.33	0.26
2502	0.285	0.21
2503	0.3	0.23
2504	0.31	0.24
2505	0.34	0.255
2506	0.375	0.3
2507	0.415	0.325
2508	0.415	0.315
2509	0.415	0.315
2510	0.42	0.32
2511	0.425	0.31
2512	0.465	0.375
2513	0.465	0.35
2514	0.47	0.37
2515	0.47	0.375
2516	0.475	0.365
2517	0.48	0.37
2518	0.5	0.4
2519	0.505	0.39
2520	0.525	0.425
2521	0.54	0.42
2522	0.545	0.45
2523	0.565	0.44
2524	0.58	0.46
2525	0.59	0.455
2526	0.59	0.48
2527	0.595	0.49
2528	0.6	0.475
2529	0.6	0.5
2530	0.6	0.485
2531	0.605	0.475
2532	0.625	0.49
2533	0.63	0.5
2534	0.64	0.585
2535	0.64	0.5
2536	0.655	0.545
2537	0.66	0.525
2538	0.66	0.535
2539	0.675	0.555
2540	0.675	0.55
2541	0.69	0.55
2542	0.695	0.53
2543	0.7	0.525
2544	0.73	0.57
2545	0.205	0.15
2546	0.225	0.17
2547	0.23	0.18
2548	0.275	0.195
2549	0.28	0.21
2550	0.28	0.22
2551	0.295	0.22
2552	0.31	0.225
2553	0.315	0.235
2554	0.34	0.265
2555	0.37	0.29
2556	0.38	0.285
2557	0.39	0.295
2558	0.405	0.31
2559	0.415	0.325
2560	0.44	0.335
2561	0.44	0.345
2562	0.44	0.325
2563	0.44	0.355
2564	0.45	0.35
2565	0.45	0.35
2566	0.455	0.35
2567	0.46	0.35
2568	0.46	0.345
2569	0.46	0.345
2570	0.465	0.355
2571	0.465	0.34
2572	0.475	0.385
2573	0.475	0.355
2574	0.48	0.37
2575	0.5	0.375
2576	0.5	0.38
2577	0.505	0.385
2578	0.515	0.395
2579	0.525	0.415
2580	0.525	0.425
2581	0.53	0.42
2582	0.53	0.41
2583	0.53	0.405
2584	0.54	0.435
2585	0.55	0.425
2586	0.555	0.425
2587	0.57	0.445
2588	0.57	0.435
2589	0.575	0.45
2590	0.58	0.445
2591	0.585	0.45
2592	0.59	0.465
2593	0.595	0.47
2594	0.595	0.465
2595	0.595	0.465
2596	0.6	0.46
2597	0.6	0.46
2598	0.6	0.46
2599	0.61	0.48
2600	0.615	0.485
2601	0.615	0.5
2602	0.615	0.47
2603	0.62	0.51
2604	0.62	0.485
2605	0.62	0.475
2606	0.625	0.48
2607	0.625	0.49
2608	0.625	0.49
2609	0.63	0.495
2610	0.63	0.495
2611	0.63	0.48
2612	0.635	0.495
2613	0.635	0.495
2614	0.645	0.49
2615	0.645	0.5
2616	0.65	0.5
2617	0.67	0.52
2618	0.69	0.545
2619	0.69	0.54
2620	0.695	0.55
2621	0.695	0.525
2622	0.7	0.575
2623	0.705	0.56
2624	0.765	0.585
2625	0.77	0.6
2626	0.22	0.16
2627	0.275	0.205
2628	0.29	0.21
2629	0.33	0.24
2630	0.355	0.285
2631	0.375	0.29
2632	0.415	0.315
2633	0.425	0.33
2634	0.425	0.34
2635	0.43	0.32
2636	0.44	0.34
2637	0.44	0.335
2638	0.46	0.345
2639	0.46	0.37
2640	0.465	0.355
2641	0.475	0.365
2642	0.475	0.375
2643	0.485	0.375
2644	0.49	0.375
2645	0.49	0.38
2646	0.495	0.38
2647	0.5	0.39
2648	0.5	0.38
2649	0.505	0.4
2650	0.51	0.395
2651	0.51	0.385
2652	0.515	0.4
2653	0.52	0.395
2654	0.545	0.43
2655	0.545	0.42
2656	0.545	0.42
2657	0.545	0.4
2658	0.55	0.42
2659	0.55	0.44
2660	0.555	0.425
2661	0.565	0.43
2662	0.57	0.45
2663	0.57	0.45
2664	0.57	0.43
2665	0.575	0.48
2666	0.58	0.455
2667	0.585	0.45
2668	0.585	0.435
2669	0.59	0.47
2670	0.59	0.46
2671	0.59	0.46
2672	0.595	0.465
2673	0.595	0.47
2674	0.595	0.46
2675	0.6	0.49
2676	0.605	0.48
2677	0.615	0.475
2678	0.615	0.45
2679	0.615	0.47
2680	0.615	0.475
2681	0.62	0.49
2682	0.62	0.48
2683	0.625	0.495
2684	0.625	0.49
2685	0.625	0.48
2686	0.63	0.505
2687	0.63	0.51
2688	0.63	0.465
2689	0.645	0.515
2690	0.645	0.48
2691	0.645	0.52
2692	0.65	0.515
2693	0.65	0.52
2694	0.65	0.535
2695	0.65	0.51
2696	0.65	0.49
2697	0.66	0.515
2698	0.665	0.505
2699	0.67	0.5
2700	0.67	0.51
2701	0.675	0.55
2702	0.68	0.52
2703	0.68	0.53
2704	0.7	0.525
2705	0.7	0.55
2706	0.725	0.53
2707	0.725	0.55
2708	0.735	0.57
2709	0.74	0.575
2710	0.75	0.555
2711	0.19	0.14
2712	0.21	0.15
2713	0.25	0.175
2714	0.29	0.215
2715	0.335	0.25
2716	0.34	0.245
2717	0.345	0.255
2718	0.355	0.255
2719	0.36	0.26
2720	0.37	0.275
2721	0.375	0.29
2722	0.375	0.275
2723	0.385	0.3
2724	0.385	0.285
2725	0.395	0.32
2726	0.4	0.305
2727	0.405	0.305
2728	0.405	0.31
2729	0.405	0.305
2730	0.405	0.3
2731	0.41	0.315
2732	0.41	0.325
2733	0.415	0.335
2734	0.42	0.325
2735	0.42	0.315
2736	0.43	0.34
2737	0.445	0.36
2738	0.45	0.325
2739	0.45	0.335
2740	0.455	0.34
2741	0.46	0.35
2742	0.46	0.345
2743	0.475	0.355
2744	0.48	0.375
2745	0.485	0.38
2746	0.485	0.365
2747	0.49	0.365
2748	0.505	0.385
2749	0.505	0.38
2750	0.51	0.385
2751	0.515	0.395
2752	0.515	0.41
2753	0.515	0.39
2754	0.525	0.385
2755	0.525	0.415
2756	0.525	0.4
2757	0.525	0.375
2758	0.535	0.43
2759	0.545	0.44
2760	0.55	0.43
2761	0.55	0.425
2762	0.55	0.42
2763	0.55	0.425
2764	0.55	0.465
2765	0.555	0.435
2766	0.555	0.445
2767	0.56	0.44
2768	0.56	0.435
2769	0.565	0.43
2770	0.57	0.445
2771	0.575	0.435
2772	0.58	0.44
2773	0.58	0.465
2774	0.58	0.425
2775	0.585	0.46
2776	0.585	0.465
2777	0.585	0.42
2778	0.585	0.455
2779	0.59	0.47
2780	0.59	0.475
2781	0.595	0.475
2782	0.6	0.48
2783	0.6	0.495
2784	0.6	0.45
2785	0.6	0.51
2786	0.61	0.48
2787	0.61	0.45
2788	0.615	0.46
2789	0.62	0.465
2790	0.62	0.48
2791	0.625	0.5
2792	0.625	0.49
2793	0.63	0.505
2794	0.63	0.475
2795	0.63	0.47
2796	0.63	0.525
2797	0.64	0.505
2798	0.64	0.485
2799	0.64	0.495
2800	0.64	0.495
2801	0.64	0.515
2802	0.65	0.52
2803	0.65	0.51
2804	0.66	0.505
2805	0.66	0.525
2806	0.675	0.525
2807	0.7	0.54
2808	0.705	0.54
2809	0.71	0.565
2810	0.72	0.55
2811	0.725	0.57
2812	0.24	0.17
2813	0.255	0.195
2814	0.275	0.2
2815	0.32	0.235
2816	0.325	0.24
2817	0.33	0.225
2818	0.36	0.27
2819	0.375	0.265
2820	0.375	0.285
2821	0.39	0.29
2822	0.45	0.335
2823	0.455	0.35
2824	0.46	0.365
2825	0.495	0.375
2826	0.5	0.365
2827	0.5	0.375
2828	0.52	0.4
2829	0.52	0.395
2830	0.525	0.43
2831	0.535	0.405
2832	0.54	0.42
2833	0.54	0.415
2834	0.57	0.425
2835	0.57	0.42
2836	0.58	0.445
2837	0.58	0.445
2838	0.59	0.47
2839	0.59	0.455
2840	0.59	0.485
2841	0.595	0.435
2842	0.6	0.475
2843	0.6	0.45
2844	0.605	0.475
2845	0.62	0.48
2846	0.625	0.475
2847	0.625	0.5
2848	0.625	0.485
2849	0.63	0.49
2850	0.63	0.485
2851	0.635	0.51
2852	0.645	0.49
2853	0.645	0.49
2854	0.65	0.525
2855	0.655	0.515
2856	0.655	0.515
2857	0.665	0.515
2858	0.695	0.54
2859	0.72	0.565
2860	0.72	0.55
2861	0.72	0.565
2862	0.735	0.57
2863	0.74	0.595
2864	0.31	0.23
2865	0.315	0.235
2866	0.32	0.205
2867	0.325	0.25
2868	0.335	0.26
2869	0.37	0.28
2870	0.37	0.27
2871	0.375	0.28
2872	0.4	0.315
2873	0.41	0.305
2874	0.425	0.34
2875	0.435	0.335
2876	0.445	0.31
2877	0.46	0.36
2878	0.465	0.35
2879	0.47	0.385
2880	0.475	0.375
2881	0.495	0.375
2882	0.5	0.39
2883	0.5	0.37
2884	0.505	0.425
2885	0.505	0.4
2886	0.505	0.365
2887	0.51	0.4
2888	0.51	0.4
2889	0.52	0.4
2890	0.52	0.465
2891	0.53	0.38
2892	0.53	0.405
2893	0.535	0.445
2894	0.54	0.425
2895	0.54	0.415
2896	0.545	0.43
2897	0.545	0.43
2898	0.55	0.435
2899	0.55	0.425
2900	0.55	0.435
2901	0.56	0.43
2902	0.56	0.435
2903	0.575	0.425
2904	0.575	0.455
2905	0.575	0.45
2906	0.58	0.465
2907	0.58	0.46
2908	0.58	0.45
2909	0.58	0.45
2910	0.58	0.445
2911	0.58	0.44
2912	0.585	0.45
2913	0.59	0.5
2914	0.59	0.46
2915	0.59	0.475
2916	0.595	0.47
2917	0.595	0.46
2918	0.6	0.445
2919	0.6	0.48
2920	0.6	0.45
2921	0.6	0.45
2922	0.6	0.465
2923	0.605	0.495
2924	0.605	0.49
2925	0.605	0.48
2926	0.61	0.425
2927	0.61	0.47
2928	0.61	0.48
2929	0.61	0.49
2930	0.615	0.475
2931	0.615	0.515
2932	0.615	0.455
2933	0.615	0.495
2934	0.62	0.475
2935	0.62	0.475
2936	0.625	0.495
2937	0.625	0.515
2938	0.625	0.5
2939	0.625	0.49
2940	0.625	0.49
2941	0.63	0.48
2942	0.63	0.53
2943	0.63	0.485
2944	0.63	0.51
2945	0.635	0.485
2946	0.635	0.52
2947	0.635	0.485
2948	0.635	0.5
2949	0.635	0.515
2950	0.64	0.505
2951	0.64	0.575
2952	0.645	0.485
2953	0.645	0.52
2954	0.645	0.495
2955	0.65	0.52
2956	0.65	0.565
2957	0.655	0.5
2958	0.655	0.515
2959	0.66	0.525
2960	0.66	0.525
2961	0.665	0.51
2962	0.67	0.485
2963	0.67	0.525
2964	0.67	0.525
2965	0.67	0.525
2966	0.67	0.54
2967	0.68	0.515
2968	0.68	0.505
2969	0.685	0.505
2970	0.69	0.515
2971	0.715	0.55
2972	0.72	0.58
2973	0.735	0.59
2974	0.745	0.575
2975	0.32	0.215
2976	0.43	0.345
2977	0.43	0.33
2978	0.485	0.365
2979	0.49	0.355
2980	0.5	0.37
2981	0.505	0.38
2982	0.51	0.37
2983	0.525	0.41
2984	0.535	0.4
2985	0.535	0.4
2986	0.535	0.405
2987	0.555	0.405
2988	0.555	0.425
2989	0.56	0.425
2990	0.59	0.44
2991	0.595	0.485
2992	0.595	0.43
2993	0.595	0.43
2994	0.61	0.475
2995	0.61	0.485
2996	0.62	0.5
2997	0.625	0.49
2998	0.635	0.51
2999	0.635	0.525
3000	0.64	0.485
3001	0.64	0.495
3002	0.645	0.505
3003	0.655	0.505
3004	0.67	0.515
3005	0.68	0.54
3006	0.7	0.545
3007	0.73	0.585
3008	0.75	0.615
3009	0.255	0.185
3010	0.375	0.26
3011	0.375	0.285
3012	0.39	0.3
3013	0.39	0.28
3014	0.395	0.3
3015	0.42	0.32
3016	0.435	0.335
3017	0.435	0.325
3018	0.44	0.32
3019	0.45	0.33
3020	0.45	0.34
3021	0.455	0.355
3022	0.46	0.37
3023	0.47	0.375
3024	0.475	0.375
3025	0.495	0.33
3026	0.495	0.375
3027	0.5	0.38
3028	0.515	0.385
3029	0.52	0.41
3030	0.52	0.395
3031	0.525	0.4
3032	0.535	0.42
3033	0.535	0.41
3034	0.54	0.42
3035	0.55	0.405
3036	0.55	0.445
3037	0.56	0.45
3038	0.565	0.44
3039	0.57	0.45
3040	0.57	0.47
3041	0.575	0.47
3042	0.575	0.43
3043	0.575	0.445
3044	0.575	0.445
3045	0.58	0.435
3046	0.585	0.45
3047	0.59	0.435
3048	0.59	0.47
3049	0.59	0.405
3050	0.595	0.47
3051	0.595	0.48
3052	0.595	0.46
3053	0.6	0.45
3054	0.6	0.45
3055	0.61	0.495
3056	0.615	0.485
3057	0.615	0.49
3058	0.62	0.475
3059	0.625	0.515
3060	0.63	0.515
3061	0.63	0.495
3062	0.635	0.505
3063	0.635	0.49
3064	0.635	0.5
3065	0.64	0.485
3066	0.64	0.5
3067	0.65	0.505
3068	0.65	0.51
3069	0.655	0.54
3070	0.655	0.49
3071	0.655	0.455
3072	0.66	0.53
3073	0.665	0.525
3074	0.675	0.52
3075	0.68	0.52
3076	0.68	0.56
3077	0.685	0.51
3078	0.695	0.535
3079	0.7	0.555
3080	0.71	0.56
3081	0.73	0.55
3082	0.755	0.575
3083	0.225	0.17
3084	0.23	0.17
3085	0.255	0.185
3086	0.355	0.27
3087	0.425	0.31
3088	0.425	0.32
3089	0.455	0.35
3090	0.46	0.355
3091	0.495	0.38
3092	0.51	0.395
3093	0.52	0.43
3094	0.525	0.4
3095	0.53	0.415
3096	0.53	0.395
3097	0.545	0.435
3098	0.55	0.43
3099	0.575	0.48
3100	0.58	0.43
3101	0.595	0.455
3102	0.6	0.465
3103	0.645	0.5
3104	0.66	0.525
3105	0.29	0.215
3106	0.3	0.22
3107	0.37	0.275
3108	0.375	0.285
3109	0.38	0.29
3110	0.395	0.3
3111	0.41	0.325
3112	0.415	0.32
3113	0.425	0.325
3114	0.44	0.34
3115	0.44	0.34
3116	0.465	0.405
3117	0.47	0.36
3118	0.51	0.415
3119	0.525	0.4
3120	0.525	0.4
3121	0.55	0.425
3122	0.56	0.42
3123	0.575	0.45
3124	0.575	0.45
3125	0.585	0.46
3126	0.615	0.495
3127	0.62	0.485
3128	0.63	0.495
3129	0.63	0.49
3130	0.67	0.515
3131	0.675	0.505
3132	0.685	0.53
3133	0.485	0.39
3134	0.46	0.36
3135	0.46	0.35
3136	0.535	0.42
3137	0.465	0.36
3138	0.51	0.4
3139	0.335	0.26
3140	0.55	0.425
3141	0.18	0.135
3142	0.215	0.165
3143	0.2	0.15
3144	0.625	0.48
3145	0.55	0.42
3146	0.585	0.45
3147	0.645	0.5
3148	0.71	0.53
3149	0.7	0.54
3150	0.655	0.505
3151	0.665	0.5
3152	0.47	0.375
3153	0.425	0.335
3154	0.54	0.41
3155	0.505	0.395
3156	0.535	0.44
3157	0.43	0.35
3158	0.55	0.435
3159	0.34	0.255
3160	0.275	0.2
3161	0.335	0.22
3162	0.64	0.49
3163	0.55	0.44
3164	0.64	0.475
3165	0.545	0.41
3166	0.64	0.54
3167	0.605	0.49
3168	0.605	0.47
3169	0.56	0.45
3170	0.57	0.465
3171	0.525	0.405
3172	0.505	0.405
3173	0.35	0.265
3174	0.45	0.355
3175	0.51	0.405
3176	0.49	0.38
3177	0.505	0.41
3178	0.38	0.3
3179	0.27	0.195
3180	0.37	0.295
3181	0.5	0.385
3182	0.645	0.505
3183	0.565	0.44
3184	0.67	0.545
3185	0.59	0.415
3186	0.47	0.36
3187	0.51	0.385
3188	0.72	0.575
3189	0.55	0.405
3190	0.2	0.145
3191	0.65	0.515
3192	0.525	0.405
3193	0.565	0.435
3194	0.61	0.47
3195	0.545	0.405
3196	0.325	0.245
3197	0.31	0.235
3198	0.45	0.335
3199	0.49	0.38
3200	0.505	0.405
3201	0.385	0.3
3202	0.62	0.485
3203	0.635	0.505
3204	0.665	0.53
3205	0.335	0.265
3206	0.295	0.215
3207	0.48	0.38
3208	0.32	0.25
3209	0.43	0.34
3210	0.565	0.45
3211	0.6	0.48
3212	0.585	0.46
3213	0.555	0.42
3214	0.57	0.495
3215	0.62	0.485
3216	0.63	0.51
3217	0.425	0.34
3218	0.64	0.505
3219	0.675	0.525
3220	0.5	0.4
3221	0.385	0.305
3222	0.52	0.435
3223	0.52	0.415
3224	0.64	0.525
3225	0.44	0.35
3226	0.42	0.32
3227	0.45	0.35
3228	0.42	0.325
3229	0.64	0.505
3230	0.57	0.455
3231	0.41	0.325
3232	0.485	0.41
3233	0.61	0.48
3234	0.59	0.485
3235	0.665	0.535
3236	0.345	0.285
3237	0.635	0.51
3238	0.695	0.53
3239	0.69	0.54
3240	0.555	0.435
3241	0.65	0.525
3242	0.635	0.48
3243	0.655	0.51
3244	0.69	0.555
3245	0.695	0.55
3246	0.55	0.435
3247	0.61	0.495
3248	0.595	0.5
3249	0.3	0.24
3250	0.435	0.35
3251	0.455	0.375
3252	0.48	0.38
3253	0.43	0.35
3254	0.435	0.35
3255	0.3	0.23
3256	0.575	0.48
3257	0.505	0.385
3258	0.455	0.375
3259	0.64	0.505
3260	0.56	0.435
3261	0.645	0.52
3262	0.595	0.485
3263	0.565	0.45
3264	0.655	0.5
3265	0.48	0.38
3266	0.495	0.385
3267	0.4	0.335
3268	0.41	0.31
3269	0.595	0.465
3270	0.625	0.475
3271	0.52	0.425
3272	0.465	0.36
3273	0.475	0.375
3274	0.5	0.405
3275	0.46	0.355
3276	0.485	0.385
3277	0.465	0.39
3278	0.525	0.415
3279	0.655	0.53
3280	0.69	0.54
3281	0.55	0.45
3282	0.58	0.475
3283	0.59	0.475
3284	0.565	0.44
3285	0.665	0.57
3286	0.62	0.51
3287	0.55	0.46
3288	0.605	0.475
3289	0.535	0.42
3290	0.51	0.395
3291	0.53	0.405
3292	0.495	0.375
3293	0.575	0.455
3294	0.63	0.5
3295	0.59	0.45
3296	0.605	0.485
3297	0.645	0.5
3298	0.62	0.5
3299	0.605	0.485
3300	0.615	0.5
3301	0.66	0.525
3302	0.71	0.575
3303	0.565	0.45
3304	0.57	0.435
3305	0.6	0.445
3306	0.41	0.3
3307	0.45	0.325
3308	0.275	0.2
3309	0.485	0.355
3310	0.62	0.485
3311	0.48	0.38
3312	0.505	0.41
3313	0.4	0.31
3314	0.45	0.355
3315	0.35	0.26
3316	0.44	0.35
3317	0.265	0.2
3318	0.165	0.125
3319	0.705	0.555
3320	0.535	0.425
3321	0.49	0.385
3322	0.48	0.37
3323	0.395	0.3
3324	0.375	0.28
3325	0.345	0.265
3326	0.55	0.415
3327	0.635	0.48
3328	0.575	0.475
3329	0.545	0.435
3330	0.385	0.305
3331	0.51	0.34
3332	0.44	0.34
3333	0.45	0.36
3334	0.39	0.3
3335	0.425	0.325
3336	0.45	0.35
3337	0.66	0.525
3338	0.685	0.525
3339	0.585	0.475
3340	0.54	0.435
3341	0.49	0.39
3342	0.43	0.33
3343	0.455	0.365
3344	0.495	0.38
3345	0.48	0.38
3346	0.47	0.4
3347	0.415	0.32
3348	0.49	0.385
3349	0.47	0.375
3350	0.445	0.345
3351	0.51	0.38
3352	0.52	0.405
3353	0.475	0.365
3354	0.455	0.36
3355	0.435	0.34
3356	0.39	0.3
3357	0.375	0.285
3358	0.285	0.215
3359	0.58	0.445
3360	0.58	0.44
3361	0.41	0.315
3362	0.41	0.3
3363	0.54	0.405
3364	0.33	0.245
3365	0.44	0.31
3366	0.28	0.21
3367	0.59	0.465
3368	0.61	0.48
3369	0.61	0.46
3370	0.455	0.345
3371	0.33	0.235
3372	0.44	0.33
3373	0.54	0.405
3374	0.475	0.375
3375	0.46	0.33
3376	0.31	0.235
3377	0.255	0.19
3378	0.335	0.255
3379	0.295	0.21
3380	0.19	0.13
3381	0.545	0.435
3382	0.495	0.4
3383	0.5	0.375
3384	0.305	0.225
3385	0.475	0.35
3386	0.515	0.4
3387	0.545	0.41
3388	0.74	0.535
3389	0.565	0.465
3390	0.56	0.44
3391	0.545	0.42
3392	0.645	0.515
3393	0.575	0.435
3394	0.62	0.48
3395	0.605	0.45
3396	0.605	0.475
3397	0.475	0.375
3398	0.365	0.285
3399	0.46	0.35
3400	0.53	0.43
3401	0.48	0.395
3402	0.455	0.345
3403	0.35	0.265
3404	0.37	0.28
3405	0.34	0.25
3406	0.35	0.28
3407	0.35	0.265
3408	0.39	0.315
3409	0.395	0.31
3410	0.415	0.31
3411	0.43	0.32
3412	0.48	0.355
3413	0.49	0.395
3414	0.49	0.37
3415	0.56	0.465
3416	0.56	0.45
3417	0.58	0.46
3418	0.58	0.48
3419	0.59	0.47
3420	0.595	0.475
3421	0.6	0.475
3422	0.61	0.47
3423	0.63	0.475
3424	0.64	0.51
3425	0.65	0.545
3426	0.71	0.55
3427	0.74	0.605
3428	0.25	0.18
3429	0.28	0.21
3430	0.325	0.24
3431	0.35	0.265
3432	0.36	0.27
3433	0.365	0.27
3434	0.37	0.28
3435	0.375	0.285
3436	0.38	0.275
3437	0.395	0.3
3438	0.43	0.335
3439	0.44	0.35
3440	0.465	0.37
3441	0.465	0.355
3442	0.48	0.37
3443	0.485	0.37
3444	0.49	0.4
3445	0.495	0.4
3446	0.5	0.385
3447	0.505	0.39
3448	0.52	0.39
3449	0.52	0.395
3450	0.525	0.44
3451	0.55	0.44
3452	0.555	0.44
3453	0.555	0.42
3454	0.575	0.46
3455	0.6	0.475
3456	0.61	0.48
3457	0.61	0.495
3458	0.61	0.47
3459	0.615	0.505
3460	0.62	0.485
3461	0.625	0.495
3462	0.625	0.47
3463	0.625	0.485
3464	0.635	0.495
3465	0.64	0.48
3466	0.64	0.5
3467	0.66	0.525
3468	0.665	0.52
3469	0.715	0.585
3470	0.72	0.565
3471	0.725	0.58
3472	0.165	0.12
3473	0.21	0.15
3474	0.355	0.265
3475	0.4	0.315
3476	0.4	0.29
3477	0.4	0.3
3478	0.435	0.335
3479	0.44	0.33
3480	0.45	0.34
3481	0.465	0.345
3482	0.47	0.355
3483	0.47	0.355
3484	0.475	0.42
3485	0.485	0.37
3486	0.505	0.475
3487	0.51	0.405
3488	0.52	0.38
3489	0.53	0.42
3490	0.535	0.42
3491	0.55	0.44
3492	0.555	0.44
3493	0.555	0.44
3494	0.555	0.43
3495	0.56	0.415
3496	0.575	0.44
3497	0.585	0.45
3498	0.59	0.46
3499	0.595	0.47
3500	0.6	0.41
3501	0.6	0.475
3502	0.61	0.47
3503	0.615	0.49
3504	0.62	0.51
3505	0.625	0.495
3506	0.625	0.47
3507	0.64	0.5
3508	0.64	0.475
3509	0.645	0.52
3510	0.65	0.505
3511	0.655	0.52
3512	0.655	0.54
3513	0.66	0.5
3514	0.67	0.525
3515	0.69	0.525
3516	0.7	0.575
3517	0.7	0.56
3518	0.71	0.57
3519	0.715	0.545
3520	0.72	0.545
3521	0.215	0.15
3522	0.24	0.185
3523	0.26	0.205
3524	0.32	0.24
3525	0.33	0.23
3526	0.335	0.26
3527	0.35	0.26
3528	0.35	0.265
3529	0.36	0.265
3530	0.36	0.265
3531	0.365	0.275
3532	0.38	0.285
3533	0.4	0.31
3534	0.4	0.315
3535	0.4	0.265
3536	0.425	0.325
3537	0.43	0.325
3538	0.435	0.335
3539	0.435	0.34
3540	0.445	0.355
3541	0.45	0.35
3542	0.455	0.435
3543	0.46	0.34
3544	0.475	0.355
3545	0.475	0.36
3546	0.475	0.35
3547	0.48	0.355
3548	0.495	0.37
3549	0.5	0.365
3550	0.505	0.39
3551	0.515	0.4
3552	0.525	0.39
3553	0.53	0.405
3554	0.53	0.42
3555	0.535	0.415
3556	0.535	0.41
3557	0.54	0.41
3558	0.55	0.425
3559	0.565	0.45
3560	0.57	0.47
3561	0.57	0.42
3562	0.57	0.42
3563	0.575	0.455
3564	0.575	0.44
3565	0.575	0.475
3566	0.575	0.45
3567	0.58	0.46
3568	0.58	0.46
3569	0.58	0.47
3570	0.58	0.47
3571	0.585	0.465
3572	0.585	0.46
3573	0.595	0.465
3574	0.6	0.47
3575	0.6	0.47
3576	0.6	0.475
3577	0.6	0.475
3578	0.6	0.475
3579	0.6	0.485
3580	0.62	0.48
3581	0.625	0.48
3582	0.625	0.475
3583	0.625	0.5
3584	0.625	0.49
3585	0.625	0.485
3586	0.63	0.465
3587	0.635	0.495
3588	0.65	0.515
3589	0.65	0.515
3590	0.65	0.52
3591	0.65	0.475
3592	0.655	0.525
3593	0.655	0.53
3594	0.66	0.5
3595	0.66	0.515
3596	0.675	0.515
3597	0.685	0.53
3598	0.715	0.52
3599	0.735	0.555
3600	0.175	0.125
3601	0.37	0.285
3602	0.395	0.3
3603	0.42	0.325
3604	0.455	0.37
3605	0.495	0.375
3606	0.51	0.375
3607	0.515	0.39
3608	0.545	0.43
3609	0.555	0.405
3610	0.58	0.45
3611	0.59	0.465
3612	0.6	0.46
3613	0.61	0.49
3614	0.615	0.475
3615	0.615	0.475
3616	0.615	0.495
3617	0.62	0.46
3618	0.63	0.515
3619	0.64	0.5
3620	0.64	0.5
3621	0.655	0.455
3622	0.655	0.505
3623	0.66	0.53
3624	0.665	0.5
3625	0.67	0.525
3626	0.69	0.53
3627	0.715	0.525
3628	0.735	0.565
3629	0.27	0.205
3630	0.285	0.225
3631	0.295	0.22
3632	0.3	0.225
3633	0.3	0.22
3634	0.36	0.265
3635	0.37	0.275
3636	0.39	0.29
3637	0.435	0.325
3638	0.44	0.34
3639	0.44	0.32
3640	0.445	0.345
3641	0.465	0.37
3642	0.465	0.355
3643	0.47	0.345
3644	0.475	0.365
3645	0.475	0.335
3646	0.475	0.35
3647	0.485	0.365
3648	0.49	0.39
3649	0.515	0.405
3650	0.52	0.415
3651	0.525	0.405
3652	0.525	0.425
3653	0.53	0.425
3654	0.53	0.42
3655	0.53	0.41
3656	0.53	0.395
3657	0.535	0.405
3658	0.535	0.45
3659	0.545	0.41
3660	0.545	0.41
3661	0.55	0.415
3662	0.55	0.45
3663	0.55	0.4
3664	0.555	0.43
3665	0.575	0.45
3666	0.575	0.44
3667	0.585	0.42
3668	0.585	0.465
3669	0.585	0.46
3670	0.59	0.465
3671	0.595	0.47
3672	0.595	0.44
3673	0.595	0.46
3674	0.595	0.45
3675	0.6	0.47
3676	0.6	0.5
3677	0.605	0.49
3678	0.605	0.49
3679	0.61	0.45
3680	0.61	0.495
3681	0.615	0.47
3682	0.62	0.5
3683	0.62	0.525
3684	0.62	0.47
3685	0.62	0.48
3686	0.625	0.485
3687	0.625	0.485
3688	0.63	0.49
3689	0.63	0.505
3690	0.64	0.5
3691	0.645	0.51
3692	0.65	0.52
3693	0.65	0.495
3694	0.65	0.495
3695	0.65	0.52
3696	0.65	0.525
3697	0.65	0.51
3698	0.65	0.51
3699	0.65	0.525
3700	0.66	0.53
3701	0.66	0.51
3702	0.665	0.54
3703	0.67	0.51
3704	0.67	0.54
3705	0.67	0.54
3706	0.675	0.535
3707	0.675	0.51
3708	0.675	0.53
3709	0.685	0.55
3710	0.685	0.535
3711	0.705	0.55
3712	0.705	0.53
3713	0.71	0.555
3714	0.725	0.56
3715	0.78	0.6
3716	0.235	0.13
3717	0.35	0.25
3718	0.36	0.25
3719	0.38	0.28
3720	0.38	0.32
3721	0.43	0.31
3722	0.465	0.36
3723	0.47	0.355
3724	0.485	0.365
3725	0.495	0.375
3726	0.5	0.395
3727	0.505	0.4
3728	0.51	0.375
3729	0.51	0.38
3730	0.515	0.37
3731	0.55	0.415
3732	0.575	0.42
3733	0.605	0.455
3734	0.615	0.505
3735	0.615	0.475
3736	0.625	0.48
3737	0.625	0.47
3738	0.635	0.505
3739	0.65	0.525
3740	0.65	0.5
3741	0.67	0.525
3742	0.695	0.525
3743	0.705	0.555
3744	0.275	0.205
3745	0.285	0.205
3746	0.36	0.265
3747	0.385	0.29
3748	0.4	0.315
3749	0.43	0.33
3750	0.435	0.375
3751	0.45	0.335
3752	0.475	0.355
3753	0.475	0.36
3754	0.485	0.37
3755	0.51	0.395
3756	0.515	0.39
3757	0.52	0.41
3758	0.525	0.4
3759	0.53	0.425
3760	0.53	0.425
3761	0.53	0.42
3762	0.53	0.395
3763	0.53	0.41
3764	0.535	0.4
3765	0.535	0.45
3766	0.555	0.44
3767	0.555	0.46
3768	0.56	0.465
3769	0.56	0.43
3770	0.565	0.43
3771	0.575	0.45
3772	0.575	0.465
3773	0.575	0.46
3774	0.58	0.42
3775	0.58	0.45
3776	0.585	0.42
3777	0.585	0.47
3778	0.59	0.45
3779	0.595	0.48
3780	0.615	0.48
3781	0.615	0.455
3782	0.62	0.5
3783	0.62	0.48
3784	0.62	0.48
3785	0.625	0.495
3786	0.625	0.5
3787	0.63	0.49
3788	0.63	0.475
3789	0.645	0.51
3790	0.65	0.505
3791	0.65	0.495
3792	0.655	0.52
3793	0.665	0.525
3794	0.67	0.52
3795	0.675	0.54
3796	0.675	0.54
3797	0.695	0.58
3798	0.695	0.535
3799	0.705	0.56
3800	0.74	0.58
3801	0.205	0.155
3802	0.305	0.23
3803	0.32	0.23
3804	0.355	0.27
3805	0.425	0.305
3806	0.425	0.31
3807	0.45	0.365
3808	0.515	0.385
3809	0.52	0.375
3810	0.525	0.4
3811	0.555	0.445
3812	0.61	0.49
3813	0.35	0.26
3814	0.38	0.275
3815	0.46	0.34
3816	0.465	0.355
3817	0.475	0.385
3818	0.565	0.445
3819	0.57	0.45
3820	0.57	0.44
3821	0.595	0.46
3822	0.605	0.48
3823	0.615	0.455
3824	0.62	0.46
3825	0.625	0.47
3826	0.68	0.52
3827	0.68	0.54
3828	0.68	0.52
3829	0.71	0.555
3830	0.5	0.385
3831	0.545	0.42
3832	0.46	0.365
3833	0.535	0.41
3834	0.335	0.26
3835	0.425	0.35
3836	0.41	0.325
3837	0.17	0.105
3838	0.335	0.25
3839	0.52	0.425
3840	0.53	0.41
3841	0.5	0.42
3842	0.615	0.475
3843	0.575	0.45
3844	0.57	0.45
3845	0.455	0.35
3846	0.37	0.275
3847	0.445	0.37
3848	0.675	0.535
3849	0.385	0.3
3850	0.375	0.295
3851	0.56	0.44
3852	0.55	0.41
3853	0.57	0.465
3854	0.485	0.4
3855	0.41	0.335
3856	0.335	0.255
3857	0.655	0.515
3858	0.565	0.45
3859	0.57	0.44
3860	0.55	0.465
3861	0.63	0.475
3862	0.475	0.37
3863	0.655	0.5
3864	0.32	0.235
3865	0.525	0.395
3866	0.525	0.43
3867	0.5	0.39
3868	0.44	0.34
3869	0.49	0.385
3870	0.545	0.44
3871	0.45	0.36
3872	0.515	0.4
3873	0.33	0.25
3874	0.525	0.41
3875	0.295	0.225
3876	0.545	0.45
3877	0.645	0.5
3878	0.45	0.355
3879	0.61	0.49
3880	0.38	0.3
3881	0.565	0.455
3882	0.67	0.545
3883	0.54	0.425
3884	0.29	0.225
3885	0.41	0.33
3886	0.46	0.375
3887	0.56	0.44
3888	0.575	0.45
3889	0.62	0.5
3890	0.515	0.4
3891	0.56	0.46
3892	0.5	0.4
3893	0.435	0.355
3894	0.495	0.38
3895	0.595	0.5
3896	0.76	0.575
3897	0.615	0.5
3898	0.565	0.46
3899	0.14	0.105
3900	0.445	0.345
3901	0.525	0.43
3902	0.16	0.12
3903	0.635	0.48
3904	0.575	0.47
3905	0.38	0.27
3906	0.245	0.18
3907	0.48	0.39
3908	0.455	0.365
3909	0.455	0.375
3910	0.455	0.355
3911	0.355	0.27
3912	0.52	0.405
3913	0.54	0.4
3914	0.52	0.39
3915	0.56	0.445
3916	0.52	0.41
3917	0.615	0.46
3918	0.645	0.49
3919	0.565	0.43
3920	0.295	0.23
3921	0.375	0.28
3922	0.525	0.4
3923	0.395	0.28
3924	0.5	0.4
3925	0.47	0.35
3926	0.58	0.42
3927	0.5	0.38
3928	0.725	0.55
3929	0.65	0.515
3930	0.67	0.535
3931	0.55	0.44
3932	0.49	0.37
3933	0.235	0.18
3934	0.235	0.175
3935	0.52	0.41
3936	0.475	0.4
3937	0.53	0.425
3938	0.35	0.275
3939	0.555	0.42
3940	0.505	0.39
3941	0.54	0.44
3942	0.525	0.4
3943	0.55	0.45
3944	0.55	0.44
3945	0.235	0.175
3946	0.525	0.41
3947	0.475	0.365
3948	0.53	0.4
3949	0.525	0.415
3950	0.53	0.425
3951	0.465	0.39
3952	0.315	0.235
3953	0.465	0.355
3954	0.485	0.385
3955	0.49	0.385
3956	0.515	0.395
3957	0.555	0.44
3958	0.61	0.5
3959	0.68	0.55
3960	0.69	0.55
3961	0.695	0.55
3962	0.72	0.575
3963	0.27	0.205
3964	0.27	0.19
3965	0.295	0.22
3966	0.295	0.22
3967	0.315	0.23
3968	0.375	0.29
3969	0.38	0.3
3970	0.385	0.285
3971	0.4	0.295
3972	0.415	0.315
3973	0.415	0.33
3974	0.42	0.32
3975	0.44	0.33
3976	0.45	0.35
3977	0.475	0.35
3978	0.485	0.39
3979	0.495	0.375
3980	0.525	0.41
3981	0.565	0.455
3982	0.58	0.435
3983	0.585	0.45
3984	0.6	0.465
3985	0.63	0.48
3986	0.645	0.525
3987	0.655	0.545
3988	0.665	0.515
3989	0.67	0.52
3990	0.67	0.51
3991	0.685	0.51
3992	0.7	0.6
3993	0.72	0.6
3994	0.185	0.135
3995	0.245	0.175
3996	0.315	0.23
3997	0.36	0.27
3998	0.375	0.28
3999	0.415	0.31
4000	0.455	0.35
4001	0.48	0.35
4002	0.485	0.375
4003	0.51	0.39
4004	0.52	0.395
4005	0.555	0.43
4006	0.585	0.465
4007	0.585	0.46
4008	0.585	0.455
4009	0.61	0.49
4010	0.61	0.475
4011	0.615	0.53
4012	0.62	0.465
4013	0.625	0.505
4014	0.625	0.48
4015	0.635	0.48
4016	0.64	0.525
4017	0.66	0.505
4018	0.66	0.485
4019	0.66	0.515
4020	0.68	0.55
4021	0.69	0.58
4022	0.72	0.545
4023	0.275	0.2
4024	0.33	0.245
4025	0.33	0.26
4026	0.365	0.28
4027	0.365	0.27
4028	0.42	0.31
4029	0.435	0.335
4030	0.435	0.325
4031	0.44	0.325
4032	0.485	0.365
4033	0.495	0.385
4034	0.51	0.405
4035	0.52	0.41
4036	0.54	0.42
4037	0.54	0.415
4038	0.55	0.445
4039	0.56	0.44
4040	0.575	0.45
4041	0.575	0.45
4042	0.575	0.46
4043	0.58	0.46
4044	0.58	0.425
4045	0.59	0.45
4046	0.6	0.46
4047	0.62	0.485
4048	0.625	0.495
4049	0.625	0.495
4050	0.625	0.495
4051	0.625	0.5
4052	0.625	0.47
4053	0.625	0.485
4054	0.635	0.5
4055	0.645	0.5
4056	0.645	0.51
4057	0.69	0.535
4058	0.695	0.56
4059	0.515	0.39
4060	0.545	0.405
4061	0.62	0.465
4062	0.63	0.49
4063	0.63	0.515
4064	0.64	0.49
4065	0.37	0.275
4066	0.395	0.31
4067	0.4	0.3
4068	0.41	0.305
4069	0.455	0.335
4070	0.48	0.335
4071	0.485	0.375
4072	0.5	0.36
4073	0.515	0.395
4074	0.52	0.4
4075	0.545	0.45
4076	0.545	0.43
4077	0.55	0.435
4078	0.55	0.43
4079	0.55	0.385
4080	0.555	0.43
4081	0.56	0.45
4082	0.565	0.465
4083	0.57	0.445
4084	0.575	0.48
4085	0.585	0.51
4086	0.59	0.45
4087	0.595	0.475
4088	0.6	0.47
4089	0.61	0.365
4090	0.615	0.475
4091	0.625	0.5
4092	0.625	0.49
4093	0.63	0.485
4094	0.63	0.53
4095	0.635	0.485
4096	0.635	0.5
4097	0.635	0.5
4098	0.65	0.495
4099	0.67	0.525
4100	0.675	0.52
4101	0.675	0.51
4102	0.68	0.545
4103	0.7	0.545
4104	0.71	0.545
4105	0.715	0.565
4106	0.72	0.59
4107	0.42	0.305
4108	0.48	0.35
4109	0.48	0.365
4110	0.51	0.41
4111	0.515	0.4
4112	0.56	0.42
4113	0.56	0.42
4114	0.57	0.45
4115	0.605	0.465
4116	0.625	0.48
4117	0.64	0.505
4118	0.65	0.525
4119	0.3	0.215
4120	0.35	0.265
4121	0.455	0.35
4122	0.46	0.365
4123	0.49	0.375
4124	0.5	0.385
4125	0.54	0.415
4126	0.55	0.42
4127	0.55	0.445
4128	0.555	0.435
4129	0.57	0.425
4130	0.58	0.45
4131	0.58	0.425
4132	0.585	0.47
4133	0.585	0.45
4134	0.595	0.455
4135	0.6	0.5
4136	0.615	0.495
4137	0.63	0.505
4138	0.63	0.49
4139	0.635	0.495
4140	0.645	0.535
4141	0.65	0.505
4142	0.655	0.525
4143	0.655	0.5
4144	0.67	0.535
4145	0.67	0.525
4146	0.695	0.53
4147	0.695	0.55
4148	0.77	0.605
4149	0.28	0.215
4150	0.33	0.23
4151	0.35	0.25
4152	0.37	0.28
4153	0.43	0.315
4154	0.435	0.33
4155	0.44	0.35
4156	0.475	0.37
4157	0.475	0.36
4158	0.48	0.355
4159	0.56	0.44
4160	0.585	0.475
4161	0.585	0.455
4162	0.385	0.255
4163	0.39	0.31
4164	0.39	0.29
4165	0.405	0.3
4166	0.475	0.365
4167	0.5	0.38
4168	0.515	0.4
4169	0.52	0.385
4170	0.55	0.43
4171	0.56	0.43
4172	0.565	0.45
4173	0.59	0.44
4174	0.6	0.475
4175	0.625	0.485
4176	0.71	0.555
